alias	canonical_page	type	notes
OCR Physics A	OCR-Physics-A-H556-Specification	source	
H556	OCR-Physics-A-H556-Specification	source	
OCR H556 specification	OCR-Physics-A-H556-Specification	source	
OCR Physics Map	OCR-Physics-Map	moc	
H556 Map	OCR-Physics-Map	moc	
OCR Physics A at a glance	OCR-Physics-A-H556-Specification	source	
H556 at a glance	OCR-Physics-A-H556-Specification	source	
H556 specification at a glance	OCR-Physics-A-H556-Specification	source	
H556 specification updates	OCR-Physics-A-H556-Specification	source	
OCR Physics A subject updates	OCR-Physics-A-H556-Specification	source	
OCR Mathematical Skills Handbook	OCR-Physics-Mathematical-Skills-Handbook	source	
Maths Skills Handbook	OCR-Physics-Mathematical-Skills-Handbook	source	
M-codes	OCR-Physics-Mathematical-Skills-Handbook	source	
OCR maths requirements	OCR-Physics-Mathematical-Skills-Handbook	source	
OCR Practical Skills Handbook	OCR-Physics-Practical-Skills-Handbook	source	
Practical Skills Handbook	OCR-Physics-Practical-Skills-Handbook	source	
PAG handbook	OCR-Physics-Practical-Skills-Handbook	source	
Uncertainty	Measurement-Uncertainty	concept	
Systematic error	Systematic-and-Random-Errors	concept	
Random error	Systematic-and-Random-Errors	concept	
Accuracy	Resolution-Accuracy-and-Precision	concept	
Precision	Resolution-Accuracy-and-Precision	concept	
Resolution	Resolution-Accuracy-and-Precision	concept	
Percentage uncertainty	Calculating-Percentage-Uncertainty	method	
Percentage difference	Calculating-Percentage-Difference	method	
Significant figures	Significant-Figures-in-Measurements	method	
Line of best fit	Line-of-Best-Fit-Graph	representation	
Results table	Results-Table	representation	
