page	status	article	images	note	date
12_Frontier-Maps/Chaos-and-Complexity-Map.md	added	Chaos theory	_attachments/12_Frontier-Maps/Chaos-and-Complexity-Map--wiki-lorenz-attractor-yb.svg,_attachments/12_Frontier-Maps/Chaos-and-Complexity-Map--wiki-3d-lorenz-chaotic-attactor.png,_attachments/12_Frontier-Maps/Chaos-and-Complexity-Map--wiki-airplane-vortex-edit.jpg		2026-05-20
12_Frontier-Maps/Cosmology-Map.md	added	Cosmology	_attachments/12_Frontier-Maps/Cosmology-Map--wiki-the-hubble-extreme-deep-field.jpg,_attachments/12_Frontier-Maps/Cosmology-Map--wiki-chintreuil-le-boulot-blanc.jpg,_attachments/12_Frontier-Maps/Cosmology-Map--wiki-crab-nebula.jpg		2026-05-20
12_Frontier-Maps/Particle-Physics-Map.md	added	Particle physics	_attachments/12_Frontier-Maps/Particle-Physics-Map--wiki-standard-model-of-elementary-particles.svg,_attachments/12_Frontier-Maps/Particle-Physics-Map--wiki-02-fermilab-fermi-national-accelerator-l.jpg,_attachments/12_Frontier-Maps/Particle-Physics-Map--wiki-beta-negative-decay.svg		2026-05-20
12_Frontier-Maps/Quantum-Computing-Map.md	added	Quantum computing	_attachments/12_Frontier-Maps/Quantum-Computing-Map--wiki-bloch-sphere.svg,_attachments/12_Frontier-Maps/Quantum-Computing-Map--wiki-a-wafer-of-the-latest-d-wave-quantum-com.jpg,_attachments/12_Frontier-Maps/Quantum-Computing-Map--wiki-bqp-complexity-class-diagram.svg		2026-05-20
12_Frontier-Maps/Quantum-Mechanics-Map.md	added	Quantum mechanics	_attachments/12_Frontier-Maps/Quantum-Mechanics-Map--wiki-hydrogen-density-plots.png,_attachments/12_Frontier-Maps/Quantum-Mechanics-Map--wiki-atomic-orbital-clouds-spd-m0.png,_attachments/12_Frontier-Maps/Quantum-Mechanics-Map--wiki-crab-nebula.jpg		2026-05-20
12_Frontier-Maps/Relativity-Map.md	added	Theory of relativity	_attachments/12_Frontier-Maps/Relativity-Map--wiki-aleutian-islands-with-180th-meridian-and.png,_attachments/12_Frontier-Maps/Relativity-Map--wiki-crab-nebula.jpg,_attachments/12_Frontier-Maps/Relativity-Map--wiki-earth-moon.jpg		2026-05-20
12_Frontier-Maps/Semiconductor-Physics-Map.md	added	Semiconductor	_attachments/12_Frontier-Maps/Semiconductor-Physics-Map--wiki-4-fach-nand-c10.jpg,_attachments/12_Frontier-Maps/Semiconductor-Physics-Map--wiki-bardeen-shockley-brattain-1948.jpg,_attachments/12_Frontier-Maps/Semiconductor-Physics-Map--wiki-ferdinand-braun.jpg		2026-05-20
02_Foundations/Bridge-to-A-Level/From-Circuits-to-Circuit-Models.md	added	RLC circuit	_attachments/02_Foundations/From-Circuits-to-Circuit-Models--wiki-tuned-circuit-of-shortwave-radio-transmi.jpg,_attachments/02_Foundations/From-Circuits-to-Circuit-Models--wiki-l-series-rc-parallel.svg,_attachments/02_Foundations/From-Circuits-to-Circuit-Models--wiki-rlc-series-circuit-bode-magnitude-plot.svg		2026-05-20
02_Foundations/Bridge-to-A-Level/From-Distance-to-Displacement.md	added	Displacement (geometry)	_attachments/02_Foundations/From-Distance-to-Displacement--wiki-distancedisplacement.svg,_attachments/02_Foundations/From-Distance-to-Displacement--wiki-stylised-atom-with-three-bohr-model-orbi.svg		2026-05-20
02_Foundations/Bridge-to-A-Level/From-Speed-to-Velocity.md	added	Velocity	_attachments/02_Foundations/From-Speed-to-Velocity--wiki-us-navy-040501-n-1336s-037-the-us-navy-s.jpg,_attachments/02_Foundations/From-Speed-to-Velocity--wiki-kinematics.svg,_attachments/02_Foundations/From-Speed-to-Velocity--wiki-radial-and-tangential.svg		2026-05-20
02_Foundations/Bridge-to-A-Level/From-Waves-to-Superposition.md	added	Superposition principle	_attachments/02_Foundations/From-Waves-to-Superposition--wiki-anas-platyrhynchos-with-ducklings-reflec.jpg,_attachments/02_Foundations/From-Waves-to-Superposition--wiki-anas-platyrhynchos-with-ducklings-reflec.jpg,_attachments/02_Foundations/From-Waves-to-Superposition--wiki-rolling-animation.gif		2026-05-20
02_Foundations/Bridge-to-A-Level/From-Weight-to-Gravitational-Field-Strength.md	added	Gravitational constant	_attachments/02_Foundations/From-Weight-to-Gravitational-Field-Strength--wiki-newtonslawofuniversalgravitation.svg,_attachments/02_Foundations/From-Weight-to-Gravitational-Field-Strength--wiki-cavendish-torsion-balance-diagram.svg,_attachments/02_Foundations/From-Weight-to-Gravitational-Field-Strength--wiki-gravitational-constant-historical.png		2026-05-20
02_Foundations/GCSE-Foundations/Atoms.md	added	Atom	_attachments/02_Foundations/Atoms--wiki-helium-atom-qm.svg,_attachments/02_Foundations/Atoms--wiki-atomic-orbital-clouds-spdf-m0.png,_attachments/02_Foundations/Atoms--wiki-atomic-orbital-energy-levels.svg		2026-05-20
02_Foundations/GCSE-Foundations/Balanced-and-Unbalanced-Forces.md	added	Balanced scorecard	_attachments/02_Foundations/Balanced-and-Unbalanced-Forces--wiki-strategy-concept.svg		2026-05-20
02_Foundations/GCSE-Foundations/Contact-and-Non-Contact-Forces.md	added	Contact mechanics	_attachments/02_Foundations/Contact-and-Non-Contact-Forces--wiki-kontakt-spannungsoptik.jpg,_attachments/02_Foundations/Contact-and-Non-Contact-Forces--wiki-contact-sphere-plane.jpg,_attachments/02_Foundations/Contact-and-Non-Contact-Forces--wiki-hertz.svg		2026-05-20
02_Foundations/GCSE-Foundations/Electric-Current.md	added	Electric current	_attachments/02_Foundations/Electric-Current--wiki-current-notation.svg,_attachments/02_Foundations/Electric-Current--wiki-electromagnetic-induction-solenoid-to-lo.gif,_attachments/02_Foundations/Electric-Current--wiki-magnetic-field-produced-by-an-electric-c.png		2026-05-20
02_Foundations/GCSE-Foundations/Energy-GCSE.md	added	Energy	_attachments/02_Foundations/Energy-GCSE--wiki-plasma-globe-60th.jpg,_attachments/02_Foundations/Energy-GCSE--wiki-carnot-heat-engine-2.svg,_attachments/02_Foundations/Energy-GCSE--wiki-energy-and-life.svg		2026-05-20
02_Foundations/GCSE-Foundations/Force.md	added	Force	_attachments/02_Foundations/Force--wiki-force-examples.svg,_attachments/02_Foundations/Force--wiki-addition-av-vektorer-003.jpg,_attachments/02_Foundations/Force--wiki-aristoteles-louvre2.jpg		2026-05-20
02_Foundations/GCSE-Foundations/Power.md	added	Power (physics)	_attachments/02_Foundations/Power--wiki-ansel-adams-national-archives-79-aab-02.jpg,_attachments/02_Foundations/Power--wiki-horsepower-plain.svg,_attachments/02_Foundations/Power--wiki-peak-power-average-power-tau-t.png		2026-05-20
02_Foundations/GCSE-Foundations/Resistance.md	added	Electrical resistance and conductance	_attachments/02_Foundations/Resistance--wiki-vfpt-solenoid-correct2.svg,_attachments/02_Foundations/Resistance--wiki-cartridge-heater-hot.jpg,_attachments/02_Foundations/Resistance--wiki-differentialchordalresistance.svg		2026-05-20
02_Foundations/GCSE-Foundations/Voltage.md	added	Voltage	_attachments/02_Foundations/Voltage--wiki-aa-aaa-aaaa-a23-battery-comparison-1.jpg,_attachments/02_Foundations/Voltage--wiki-9vbatterywithmeter.jpg,_attachments/02_Foundations/Voltage--wiki-aa-aaa-aaaa-a23-battery-comparison-1.jpg		2026-05-20
02_Foundations/GCSE-Foundations/Waves-GCSE.md	added	Wave	_attachments/02_Foundations/Waves-GCSE--wiki-2006-01-14-surface-waves.jpg,_attachments/02_Foundations/Waves-GCSE--wiki-2006-01-14-surface-waves.jpg,_attachments/02_Foundations/Waves-GCSE--wiki-amplitudemodulation.gif		2026-05-20
03_Physical-Quantities/Acceleration.md	added	Acceleration	_attachments/03_Physical-Quantities/Acceleration--wiki-gravity-gravita-grave.gif,_attachments/03_Physical-Quantities/Acceleration--wiki-1-d-kinematics.svg,_attachments/03_Physical-Quantities/Acceleration--wiki-acceleration-as-derivative-of-velocity-a.svg		2026-05-20
03_Physical-Quantities/Activity.md	added	Radioactive decay	_attachments/03_Physical-Quantities/Activity--wiki-nuclearreaction.svg,_attachments/03_Physical-Quantities/Activity--wiki-alfa-beta-gamma-radiation.svg,_attachments/03_Physical-Quantities/Activity--wiki-crookes-tube-xray-experiment.jpg		2026-05-20
03_Physical-Quantities/Amplitude.md	added	Amplitude	_attachments/03_Physical-Quantities/Amplitude--wiki-sine-voltage.svg		2026-05-20
03_Physical-Quantities/Angular-Velocity.md	added	Angular velocity	_attachments/03_Physical-Quantities/Angular-Velocity--wiki-angular-velocity.svg,_attachments/03_Physical-Quantities/Angular-Velocity--wiki-angular-velocity1.svg,_attachments/03_Physical-Quantities/Angular-Velocity--wiki-eulerframe.svg		2026-05-20
03_Physical-Quantities/Area.md	added	Area	_attachments/03_Physical-Quantities/Area--wiki-squaring-the-circle.svg,_attachments/03_Physical-Quantities/Area--wiki-archimedes-sphere-and-cylinder.svg,_attachments/03_Physical-Quantities/Area--wiki-area-conversion-square-mm-in-a-square-cm.png		2026-05-20
03_Physical-Quantities/Boltzmann-Constant.md	added	Boltzmann constant	_attachments/03_Physical-Quantities/Boltzmann-Constant--wiki-boltzmann2.jpg,_attachments/03_Physical-Quantities/Boltzmann-Constant--wiki-ideal-gas-law-relationships.svg,_attachments/03_Physical-Quantities/Boltzmann-Constant--wiki-max-planck-by-hugo-erfurth-1938cr-restor.jpg		2026-05-20
03_Physical-Quantities/Capacitance.md	added	Capacitance	_attachments/03_Physical-Quantities/Capacitance--wiki-vfpt-solenoid-correct2.svg,_attachments/03_Physical-Quantities/Capacitance--wiki-ah2700-cap-br.jpg,_attachments/03_Physical-Quantities/Capacitance--wiki-cylindrical-capacitorii.svg		2026-05-20
03_Physical-Quantities/Centripetal-Acceleration.md	added	Acceleration	_attachments/03_Physical-Quantities/Centripetal-Acceleration--wiki-gravity-gravita-grave.gif,_attachments/03_Physical-Quantities/Centripetal-Acceleration--wiki-1-d-kinematics.svg,_attachments/03_Physical-Quantities/Centripetal-Acceleration--wiki-acceleration-as-derivative-of-velocity-a.svg		2026-05-20
03_Physical-Quantities/Coefficient-of-Friction.md	added	Friction	_attachments/03_Physical-Quantities/Coefficient-of-Friction--wiki-friction-animation-2-blocks.gif,_attachments/03_Physical-Quantities/Coefficient-of-Friction--wiki-asperities.svg,_attachments/03_Physical-Quantities/Coefficient-of-Friction--wiki-cone-penetration-test.svg		2026-05-20
03_Physical-Quantities/Current.md	added	Electric current	_attachments/03_Physical-Quantities/Current--wiki-current-notation.svg,_attachments/03_Physical-Quantities/Current--wiki-electromagnetic-induction-solenoid-to-lo.gif,_attachments/03_Physical-Quantities/Current--wiki-magnetic-field-produced-by-an-electric-c.png		2026-05-20
03_Physical-Quantities/Decay-Constant.md	added	Exponential decay	_attachments/03_Physical-Quantities/Decay-Constant--wiki-plot-exponential-decay.svg		2026-05-20
03_Physical-Quantities/Density.md	added	Density	_attachments/03_Physical-Quantities/Density--wiki-air-density-vs-temperature.svg,_attachments/03_Physical-Quantities/Density--wiki-density-column.jpg,_attachments/03_Physical-Quantities/Density--wiki-ingots-of-ge-fe-al-re-os-one-troy-ounce-.jpg		2026-05-20
03_Physical-Quantities/Displacement.md	added	Displacement (geometry)	_attachments/03_Physical-Quantities/Displacement--wiki-distancedisplacement.svg,_attachments/03_Physical-Quantities/Displacement--wiki-stylised-atom-with-three-bohr-model-orbi.svg		2026-05-20
03_Physical-Quantities/Distance.md	added	Distance	_attachments/03_Physical-Quantities/Distance--wiki-distance-board-in-vizag-cropped.jpg,_attachments/03_Physical-Quantities/Distance--wiki-distance-between-sets.svg,_attachments/03_Physical-Quantities/Distance--wiki-distance-board-in-vizag-cropped.jpg		2026-05-20
03_Physical-Quantities/Electric-Field-Strength.md	added	Electric field	_attachments/03_Physical-Quantities/Electric-Field-Strength--wiki-vfpt-solenoid-correct2.svg,_attachments/03_Physical-Quantities/Electric-Field-Strength--wiki-bremsstrahlung.gif,_attachments/03_Physical-Quantities/Electric-Field-Strength--wiki-cat-demonstrating-static-cling-with-styr.jpg		2026-05-20
03_Physical-Quantities/Electric-Potential.md	added	Electric potential	_attachments/03_Physical-Quantities/Electric-Potential--wiki-vfpt-metal-balls-largesmall-potentialcon.svg,_attachments/03_Physical-Quantities/Electric-Potential--wiki-charged-disc-problem.svg,_attachments/03_Physical-Quantities/Electric-Potential--wiki-charged-infinite-cylinder-problem.svg		2026-05-20
03_Physical-Quantities/Electromotive-Force.md	added	Electromotive force	_attachments/03_Physical-Quantities/Electromotive-Force--wiki-vfpt-solenoid-correct2.svg,_attachments/03_Physical-Quantities/Electromotive-Force--wiki-galvanic-cell-labeled.svg,_attachments/03_Physical-Quantities/Electromotive-Force--wiki-reaction-path.jpg		2026-05-20
03_Physical-Quantities/Energy-Quantity.md	added	Energy	_attachments/03_Physical-Quantities/Energy-Quantity--wiki-plasma-globe-60th.jpg,_attachments/03_Physical-Quantities/Energy-Quantity--wiki-carnot-heat-engine-2.svg,_attachments/03_Physical-Quantities/Energy-Quantity--wiki-energy-and-life.svg		2026-05-20
03_Physical-Quantities/Force.md	added	Force	_attachments/03_Physical-Quantities/Force--wiki-force-examples.svg,_attachments/03_Physical-Quantities/Force--wiki-addition-av-vektorer-003.jpg,_attachments/03_Physical-Quantities/Force--wiki-aristoteles-louvre2.jpg		2026-05-20
03_Physical-Quantities/Frequency.md	added	Frequency	_attachments/03_Physical-Quantities/Frequency--wiki-img.gif,_attachments/03_Physical-Quantities/Frequency--wiki-czestosciomierz-499hz.jpg,_attachments/03_Physical-Quantities/Frequency--wiki-em-spectrum.svg		2026-05-20
03_Physical-Quantities/Gravitational-Field-Strength.md	added	Gravitational acceleration	_attachments/03_Physical-Quantities/Gravitational-Field-Strength--wiki-earth-moon-field.svg,_attachments/03_Physical-Quantities/Gravitational-Field-Strength--wiki-orbit3.gif		2026-05-20
03_Physical-Quantities/Gravitational-Potential.md	added	Gravitational potential	_attachments/03_Physical-Quantities/Gravitational-Potential--wiki-crab-nebula.jpg,_attachments/03_Physical-Quantities/Gravitational-Potential--wiki-earth-moon.jpg,_attachments/03_Physical-Quantities/Gravitational-Potential--wiki-mass-distribution-line-segment.svg		2026-05-20
03_Physical-Quantities/Impulse.md	added	Impulse (physics)	_attachments/03_Physical-Quantities/Impulse--wiki-armedforces-jeffery-tee-shot.jpg,_attachments/03_Physical-Quantities/Impulse--wiki-armedforces-jeffery-tee-shot.jpg,_attachments/03_Physical-Quantities/Impulse--wiki-stylised-atom-with-three-bohr-model-orbi.svg		2026-05-20
03_Physical-Quantities/Intensity.md	added	Intensity (physics)	_attachments/03_Physical-Quantities/Intensity--wiki-oiintlatex.svg		2026-05-20
03_Physical-Quantities/Ionisation-Energy.md	added	Ionization energy	_attachments/03_Physical-Quantities/Ionisation-Energy--wiki-berylliumvsboronelectronconfiguration.jpg,_attachments/03_Physical-Quantities/Ionisation-Energy--wiki-electron-binding-energy-vs-z.jpg,_attachments/03_Physical-Quantities/Ionisation-Energy--wiki-franck-condon-diagram.png		2026-05-20
03_Physical-Quantities/Luminosity.md	added	Luminosity	_attachments/03_Physical-Quantities/Luminosity--wiki-the-sun-in-white-light.jpg,_attachments/03_Physical-Quantities/Luminosity--wiki-crab-nebula.jpg,_attachments/03_Physical-Quantities/Luminosity--wiki-earth-moon.jpg		2026-05-20
03_Physical-Quantities/Magnetic-Flux-Density.md	added	Magnetic field	_attachments/03_Physical-Quantities/Magnetic-Flux-Density--wiki-magnetic-field-around-solenoid.jpg,_attachments/03_Physical-Quantities/Magnetic-Flux-Density--wiki-circular-toroidal-inductor.svg,_attachments/03_Physical-Quantities/Magnetic-Flux-Density--wiki-coaxpoyntingvector.png		2026-05-20
03_Physical-Quantities/Magnetic-Flux.md	added	Magnetic flux	_attachments/03_Physical-Quantities/Magnetic-Flux--wiki-vfpt-solenoid-correct2.svg,_attachments/03_Physical-Quantities/Magnetic-Flux--wiki-oiintlatex.svg,_attachments/03_Physical-Quantities/Magnetic-Flux--wiki-spulenflaeche.jpg		2026-05-20
03_Physical-Quantities/Mass.md	added	Mass	_attachments/03_Physical-Quantities/Mass--wiki-poids-fonte-2-kg-03-cropped.jpg,_attachments/03_Physical-Quantities/Mass--wiki-cavendish-experiment.png,_attachments/03_Physical-Quantities/Mass--wiki-el-pesado-del-corazon-en-el-papiro-de-hu.jpg		2026-05-20
03_Physical-Quantities/Momentum.md	added	Momentum	_attachments/03_Physical-Quantities/Momentum--wiki-billard.jpg,_attachments/03_Physical-Quantities/Momentum--wiki-1950-avicenna-stamp-of-iran-cropped.jpg,_attachments/03_Physical-Quantities/Momentum--wiki-christiaan-huygens-painting-cropped.jpeg		2026-05-20
03_Physical-Quantities/Period.md	added	Frequency	_attachments/03_Physical-Quantities/Period--wiki-img.gif,_attachments/03_Physical-Quantities/Period--wiki-czestosciomierz-499hz.jpg,_attachments/03_Physical-Quantities/Period--wiki-em-spectrum.svg		2026-05-20
03_Physical-Quantities/Potential-Difference.md	added	Voltage	_attachments/03_Physical-Quantities/Potential-Difference--wiki-aa-aaa-aaaa-a23-battery-comparison-1.jpg,_attachments/03_Physical-Quantities/Potential-Difference--wiki-9vbatterywithmeter.jpg,_attachments/03_Physical-Quantities/Potential-Difference--wiki-aa-aaa-aaaa-a23-battery-comparison-1.jpg		2026-05-20
03_Physical-Quantities/Power.md	added	Power (physics)	_attachments/03_Physical-Quantities/Power--wiki-ansel-adams-national-archives-79-aab-02.jpg,_attachments/03_Physical-Quantities/Power--wiki-horsepower-plain.svg,_attachments/03_Physical-Quantities/Power--wiki-peak-power-average-power-tau-t.png		2026-05-20
03_Physical-Quantities/Pressure.md	added	Pressure	_attachments/03_Physical-Quantities/Pressure--wiki-pressure-exerted-by-collisions.svg,_attachments/03_Physical-Quantities/Pressure--wiki-13-07-23-kienbaum-unterdruckkammer-33.jpg,_attachments/03_Physical-Quantities/Pressure--wiki-aluminium-cylinder.jpg		2026-05-20
03_Physical-Quantities/Refractive-Index.md	added	Refractive index	_attachments/03_Physical-Quantities/Refractive-Index--wiki-refraction-photo.png,_attachments/03_Physical-Quantities/Refractive-Index--wiki-amethyst-sceptre2.jpg,_attachments/03_Physical-Quantities/Refractive-Index--wiki-amethystre-sceptre2.jpg		2026-05-20
03_Physical-Quantities/Resistance.md	added	Electrical resistance and conductance	_attachments/03_Physical-Quantities/Resistance--wiki-vfpt-solenoid-correct2.svg,_attachments/03_Physical-Quantities/Resistance--wiki-cartridge-heater-hot.jpg,_attachments/03_Physical-Quantities/Resistance--wiki-differentialchordalresistance.svg		2026-05-20
03_Physical-Quantities/Resistivity.md	added	Electrical resistivity and conductivity	_attachments/03_Physical-Quantities/Resistivity--wiki-lightning-over-oradea-romania-3.jpg,_attachments/03_Physical-Quantities/Resistivity--wiki-resistivity-geometry.png,_attachments/03_Physical-Quantities/Resistivity--wiki-superconductivity-1911.gif		2026-05-20
03_Physical-Quantities/Specific-Heat-Capacity.md	added	Specific heat capacity	_attachments/03_Physical-Quantities/Specific-Heat-Capacity--wiki-carnot-heat-engine-2.svg,_attachments/03_Physical-Quantities/Specific-Heat-Capacity--wiki-black-joseph-cropped.jpg,_attachments/03_Physical-Quantities/Specific-Heat-Capacity--wiki-carnot-heat-engine-2.svg		2026-05-20
03_Physical-Quantities/Specific-Latent-Heat.md	added	Enthalpy of fusion	_attachments/03_Physical-Quantities/Specific-Latent-Heat--wiki-enthalpies-of-melting-and-boiling-for-pu.svg,_attachments/03_Physical-Quantities/Specific-Latent-Heat--wiki-enthalpies-of-melting-and-boiling-for-pu.svg,_attachments/03_Physical-Quantities/Specific-Latent-Heat--wiki-enthalpy-of-fusion-period-three.png		2026-05-20
03_Physical-Quantities/Speed.md	added	Speed	_attachments/03_Physical-Quantities/Speed--wiki-motorcyclist-in-midtown-manhattan-l10027.jpg,_attachments/03_Physical-Quantities/Speed--wiki-20230703-average-speed-of-bowling-ball-v.svg,_attachments/03_Physical-Quantities/Speed--wiki-motorcyclist-in-midtown-manhattan-l10027.jpg		2026-05-20
03_Physical-Quantities/Strain.md	added	Strain (mechanics)	_attachments/03_Physical-Quantities/Strain--wiki-2d-geometric-strain.svg,_attachments/03_Physical-Quantities/Strain--wiki-approximation-volume-deformation.png		2026-05-20
03_Physical-Quantities/Stress.md	added	Stress (mechanics)	_attachments/03_Physical-Quantities/Stress--wiki-plastic-protractor-polarized-05375.jpg,_attachments/03_Physical-Quantities/Stress--wiki-axial-stress-noavg.svg,_attachments/03_Physical-Quantities/Stress--wiki-cmec-stress-ball-f02-t6.png		2026-05-20
03_Physical-Quantities/Time-Constant.md	added	Tau	_attachments/03_Physical-Quantities/Time-Constant--wiki-tau-uc-lc.svg		2026-05-20
03_Physical-Quantities/Velocity.md	added	Velocity	_attachments/03_Physical-Quantities/Velocity--wiki-us-navy-040501-n-1336s-037-the-us-navy-s.jpg,_attachments/03_Physical-Quantities/Velocity--wiki-kinematics.svg,_attachments/03_Physical-Quantities/Velocity--wiki-radial-and-tangential.svg		2026-05-20
03_Physical-Quantities/Volume.md	added	Volume	_attachments/03_Physical-Quantities/Volume--wiki-simple-measuring-cup.jpg,_attachments/03_Physical-Quantities/Volume--wiki-how-to-measure-diagram-with-graduated-cy.jpg,_attachments/03_Physical-Quantities/Volume--wiki-dolphin-triangle-mesh.png		2026-05-20
03_Physical-Quantities/Wavelength.md	added	Wavelength	_attachments/03_Physical-Quantities/Wavelength--wiki-sine-wavelength.svg,_attachments/03_Physical-Quantities/Wavelength--wiki-double-slit-diffraction-pattern.png,_attachments/03_Physical-Quantities/Wavelength--wiki-interferometer-path-differences.jpg		2026-05-20
03_Physical-Quantities/Weight.md	added	Weight	_attachments/03_Physical-Quantities/Weight--wiki-mass-versus-weight-in-earth-and-mars.svg,_attachments/03_Physical-Quantities/Weight--wiki-bascula-9.jpg,_attachments/03_Physical-Quantities/Weight--wiki-mass-versus-weight-in-earth-and-mars.svg		2026-05-20
03_Physical-Quantities/Work.md	added	Work (physics)	_attachments/03_Physical-Quantities/Work--wiki-baseball-pitching-motion-2004.jpg,_attachments/03_Physical-Quantities/Work--wiki-analogie-ressorts-contrainte.svg,_attachments/03_Physical-Quantities/Work--wiki-baseball-pitching-motion-2004.jpg		2026-05-20
03_Physical-Quantities/Young-Modulus.md	added	Young's modulus	_attachments/03_Physical-Quantities/Young-Modulus--wiki-stress-strain-ductile.svg,_attachments/03_Physical-Quantities/Young-Modulus--wiki-spidergraph-youngmod.gif,_attachments/03_Physical-Quantities/Young-Modulus--wiki-stress-strain-ductile.svg		2026-05-20
04_Concepts/Absolute-Zero.md	added	Absolute zero	_attachments/04_Concepts/Absolute-Zero--wiki-celsiuskelvin.svg,_attachments/04_Concepts/Absolute-Zero--wiki-boomerang-nebula.jpg,_attachments/04_Concepts/Absolute-Zero--wiki-bose-einstein-condensate.png		2026-05-20
04_Concepts/Antiparticles.md	added	Antiparticle	_attachments/04_Concepts/Antiparticles--wiki-particles-and-antiparticles.svg,_attachments/04_Concepts/Antiparticles--wiki-electronpositronannihilation.svg,_attachments/04_Concepts/Antiparticles--wiki-particles-and-antiparticles.svg		2026-05-20
04_Concepts/Astronomical-Distances.md	added	Astronomical unit	_attachments/04_Concepts/Astronomical-Distances--wiki-astronomical-unit-svg.svg,_attachments/04_Concepts/Astronomical-Distances--wiki-astronomical-unit-svg.svg,_attachments/04_Concepts/Astronomical-Distances--wiki-crab-nebula.jpg		2026-05-20
04_Concepts/Big-Bang-Theory.md	added	Big Bang	_attachments/04_Concepts/Big-Bang-Theory--wiki-cmb-timeline300-no-wmap.jpg,_attachments/04_Concepts/Big-Bang-Theory--wiki-2mass-lss-chart-new-nasa.jpg,_attachments/04_Concepts/Big-Bang-Theory--wiki-cmb-timeline300-no-wmap.jpg		2026-05-20
04_Concepts/Capacitor.md	added	Capacitor	_attachments/04_Concepts/Capacitor--wiki-capacitors-7189597135.jpg,_attachments/04_Concepts/Capacitor--wiki-24-million-watt-high-speed-flash-through.jpg,_attachments/04_Concepts/Capacitor--wiki-axial-electrolytic-capacitors.jpg		2026-05-20
04_Concepts/Capacitors-in-Series-and-Parallel.md	added	Series and parallel circuits	_attachments/04_Concepts/Capacitors-in-Series-and-Parallel--wiki-capacitors-in-parallel.svg,_attachments/04_Concepts/Capacitors-in-Series-and-Parallel--wiki-capacitors-in-series.svg,_attachments/04_Concepts/Capacitors-in-Series-and-Parallel--wiki-inductors-in-series.svg		2026-05-20
04_Concepts/Centre-of-Mass.md	added	Center of mass	_attachments/04_Concepts/Centre-of-Mass--wiki-bird-toy-showing-center-of-gravity.jpg,_attachments/04_Concepts/Centre-of-Mass--wiki-bird-toy-showing-center-of-gravity.jpg,_attachments/04_Concepts/Centre-of-Mass--wiki-center-gravity-2.svg		2026-05-20
04_Concepts/Centripetal-Force.md	added	Centripetal force	_attachments/04_Concepts/Centripetal-Force--wiki-force-acting-as-centripetal-force.svg,_attachments/04_Concepts/Centripetal-Force--wiki-acceleration-vector-plane-polar-coords.svg,_attachments/04_Concepts/Centripetal-Force--wiki-banked-turn.svg		2026-05-20
04_Concepts/Circular-Motion.md	added	Circular motion	_attachments/04_Concepts/Circular-Motion--wiki-breaking-string.png,_attachments/04_Concepts/Circular-Motion--wiki-circular-motion-vectors.svg,_attachments/04_Concepts/Circular-Motion--wiki-nonuniform-circular-motion.svg		2026-05-20
04_Concepts/Comparing-Gravitational-and-Electric-Fields.md	added	Gravitational potential	_attachments/04_Concepts/Comparing-Gravitational-and-Electric-Fields--wiki-crab-nebula.jpg,_attachments/04_Concepts/Comparing-Gravitational-and-Electric-Fields--wiki-earth-moon.jpg,_attachments/04_Concepts/Comparing-Gravitational-and-Electric-Fields--wiki-mass-distribution-line-segment.svg		2026-05-20
04_Concepts/Damping.md	added	Damping	_attachments/04_Concepts/Damping--wiki-2nd-order-damping-ratios.svg,_attachments/04_Concepts/Damping--wiki-dampedcosine.svg,_attachments/04_Concepts/Damping--wiki-dampingratio111.svg		2026-05-20
04_Concepts/Diffraction-Grating.md	added	Grating	_attachments/04_Concepts/Diffraction-Grating--wiki-metro-ventilation-grid-alameda-afonso-he.jpg,_attachments/04_Concepts/Diffraction-Grating--wiki-grating-at-the-historic-john-street-roun.jpg,_attachments/04_Concepts/Diffraction-Grating--wiki-metro-ventilation-grid-alameda-afonso-he.jpg		2026-05-20
04_Concepts/Diffraction.md	added	Diffraction	_attachments/04_Concepts/Diffraction--wiki-laser-interference.jpg,_attachments/04_Concepts/Diffraction--wiki-airy-pattern.svg,_attachments/04_Concepts/Diffraction--wiki-blue-laser-single-slit-diffraction-photo.jpg		2026-05-20
04_Concepts/Doppler-Effect.md	added	Doppler effect	_attachments/04_Concepts/Doppler-Effect--wiki-carotiddoppler1.jpg,_attachments/04_Concepts/Doppler-Effect--wiki-crab-nebula.jpg,_attachments/04_Concepts/Doppler-Effect--wiki-dopplersatscheme.png		2026-05-20
04_Concepts/Drag.md	added	Drag (physics)	_attachments/04_Concepts/Drag--wiki-airfoil-lift-and-drag.svg,_attachments/04_Concepts/Drag--wiki-aerospatial-concorde-6018513515.jpg,_attachments/04_Concepts/Drag--wiki-airfoil-lift-and-drag.svg		2026-05-20
04_Concepts/Elastic-and-Inelastic-Collisions.md	added	Elastic collision	_attachments/04_Concepts/Elastic-and-Inelastic-Collisions--wiki-translational-motion.gif,_attachments/04_Concepts/Elastic-and-Inelastic-Collisions--wiki-elastischer-sto-2d.gif,_attachments/04_Concepts/Elastic-and-Inelastic-Collisions--wiki-translational-motion.gif		2026-05-20
04_Concepts/Elastic-and-Plastic-Behaviour.md	added	Deformation (engineering)	_attachments/04_Concepts/Elastic-and-Plastic-Behaviour--wiki-deformation-due-to-compression.svg,_attachments/04_Concepts/Elastic-and-Plastic-Behaviour--wiki-figureforneckdraw.jpg,_attachments/04_Concepts/Elastic-and-Plastic-Behaviour--wiki-stress-strain1.svg		2026-05-20
04_Concepts/Electric-Field.md	added	Electric field	_attachments/04_Concepts/Electric-Field--wiki-vfpt-solenoid-correct2.svg,_attachments/04_Concepts/Electric-Field--wiki-bremsstrahlung.gif,_attachments/04_Concepts/Electric-Field--wiki-cat-demonstrating-static-cling-with-styr.jpg		2026-05-20
04_Concepts/Electric-Potential-Energy.md	added	Electric potential energy	_attachments/04_Concepts/Electric-Potential-Energy--wiki-vfpt-solenoid-correct2.svg,_attachments/04_Concepts/Electric-Potential-Energy--wiki-electric-potential-energy-3-charge.gif,_attachments/04_Concepts/Electric-Potential-Energy--wiki-electronic-component-electrolytic-capaci.jpg		2026-05-20
04_Concepts/Electromagnetic-Induction.md	added	Electromagnetic induction	_attachments/04_Concepts/Electromagnetic-Induction--wiki-electromagnetic-induction-solenoid-to-lo.gif,_attachments/04_Concepts/Electromagnetic-Induction--wiki-current-clamp.jpg,_attachments/04_Concepts/Electromagnetic-Induction--wiki-electromagnetic-induction-solenoid-to-lo.gif		2026-05-20
04_Concepts/Electromagnetic-Spectrum.md	added	Electromagnetic spectrum	_attachments/04_Concepts/Electromagnetic-Spectrum--wiki-em-spectrum-properties-edit.svg,_attachments/04_Concepts/Electromagnetic-Spectrum--wiki-2013-atmospheric-absorption-of-electroma.svg,_attachments/04_Concepts/Electromagnetic-Spectrum--wiki-atmospheric-electromagnetic-opacity.svg		2026-05-20
04_Concepts/Energy-Levels.md	added	Energy level	_attachments/04_Concepts/Energy-Levels--wiki-energy-levels.svg,_attachments/04_Concepts/Energy-Levels--wiki-atomic-absorption-hv-corrected.svg,_attachments/04_Concepts/Energy-Levels--wiki-energy-levels.svg		2026-05-20
04_Concepts/Energy-Stored-in-a-Capacitor.md	added	Capacitor	_attachments/04_Concepts/Energy-Stored-in-a-Capacitor--wiki-capacitors-7189597135.jpg,_attachments/04_Concepts/Energy-Stored-in-a-Capacitor--wiki-24-million-watt-high-speed-flash-through.jpg,_attachments/04_Concepts/Energy-Stored-in-a-Capacitor--wiki-axial-electrolytic-capacitors.jpg		2026-05-20
04_Concepts/Energy-Transfer.md	added	Energy Transfer	_attachments/04_Concepts/Energy-Transfer--wiki-energy-transfer-galaxy-plant-aerial-2025.jpg,_attachments/04_Concepts/Energy-Transfer--wiki-increase2.svg		2026-05-20
04_Concepts/Energy-in-Simple-Harmonic-Motion.md	added	Simple harmonic motion	_attachments/04_Concepts/Energy-in-Simple-Harmonic-Motion--wiki-simple-harmonic-motion-orbit.gif,_attachments/04_Concepts/Energy-in-Simple-Harmonic-Motion--wiki-scotch-yoke-animation.gif,_attachments/04_Concepts/Energy-in-Simple-Harmonic-Motion--wiki-simple-harmonic-motion-orbit.gif		2026-05-20
04_Concepts/Equilibrium.md	added	Mechanical equilibrium	_attachments/04_Concepts/Equilibrium--wiki-weightnormal.svg,_attachments/04_Concepts/Equilibrium--wiki-diagram-of-a-ball-placed-in-a-stable-equ.svg,_attachments/04_Concepts/Equilibrium--wiki-diagram-of-a-ball-placed-in-an-unstable-.svg		2026-05-20
04_Concepts/Free-Fall.md	added	Free fall	_attachments/04_Concepts/Free-Fall--wiki-drop-time.jpg,_attachments/04_Concepts/Free-Fall--wiki-free-fall.gif,_attachments/04_Concepts/Free-Fall--wiki-meteoraccgraph.jpg		2026-05-20
04_Concepts/Free-and-Forced-Oscillations.md	added	Natural frequency	_attachments/04_Concepts/Free-and-Forced-Oscillations--wiki-arealvelocity.svg		2026-05-20
04_Concepts/Friction.md	added	Friction	_attachments/04_Concepts/Friction--wiki-friction-animation-2-blocks.gif,_attachments/04_Concepts/Friction--wiki-asperities.svg,_attachments/04_Concepts/Friction--wiki-cone-penetration-test.svg		2026-05-20
04_Concepts/Fundamental-Particles.md	added	Elementary particle	_attachments/04_Concepts/Fundamental-Particles--wiki-standard-model-of-elementary-particles.svg,_attachments/04_Concepts/Fundamental-Particles--wiki-standard-model-of-elementary-particles.svg,_attachments/04_Concepts/Fundamental-Particles--wiki-stylised-atom-with-three-bohr-model-orbi.svg		2026-05-20
04_Concepts/Gravitational-Field.md	added	Gravitational field	_attachments/04_Concepts/Gravitational-Field--wiki-earth-moon-field.svg		2026-05-20
04_Concepts/Gravitational-Potential-Energy.md	added	Gravitational energy	_attachments/04_Concepts/Gravitational-Potential-Energy--wiki-gravitational-field-earth-lines-equipote.svg,_attachments/04_Concepts/Gravitational-Potential-Energy--wiki-gravitational-field-earth-lines-equipote.svg,_attachments/04_Concepts/Gravitational-Potential-Energy--wiki-spacetime-lattice-analogy.svg		2026-05-20
04_Concepts/Half-Life.md	added	Half-life	_attachments/04_Concepts/Half-Life--wiki-eulers-formula.svg,_attachments/04_Concepts/Half-Life--wiki-eulers-formula.svg		2026-05-20
04_Concepts/Interference.md	added	Wave interference	_attachments/04_Concepts/Interference--wiki-interfering-surface-waves-on-a-lake.jpg,_attachments/04_Concepts/Interference--wiki-dieselrainbow.jpg,_attachments/04_Concepts/Interference--wiki-interference-colours-in-soap-film-1.jpg		2026-05-20
04_Concepts/Internal-Energy.md	added	Internal energy	_attachments/04_Concepts/Internal-Energy--wiki-carnot-heat-engine-2.svg,_attachments/04_Concepts/Internal-Energy--wiki-carnot-heat-engine-2.svg,_attachments/04_Concepts/Internal-Energy--wiki-green-check.svg		2026-05-20
04_Concepts/Ionisation.md	added	Ionization	_attachments/04_Concepts/Ionisation--wiki-aurora-in-abisko-near-tornetrask.jpg,_attachments/04_Concepts/Ionisation--wiki-aurora-in-abisko-near-tornetrask.jpg,_attachments/04_Concepts/Ionisation--wiki-electron-avalanche.gif		2026-05-20
04_Concepts/Isotopes.md	added	Isotope	_attachments/04_Concepts/Isotopes--wiki-nuclearreaction.svg,_attachments/04_Concepts/Isotopes--wiki-atomic-number-depiction.svg,_attachments/04_Concepts/Isotopes--wiki-discovery-of-neon-isotopes.jpg		2026-05-20
04_Concepts/Kinetic-Energy.md	added	Kinetic energy	_attachments/04_Concepts/Kinetic-Energy--wiki-wooden-roller-coaster-txgi.jpg,_attachments/04_Concepts/Kinetic-Energy--wiki-emilie-chatelet-portrait-by-latour.jpg,_attachments/04_Concepts/Kinetic-Energy--wiki-kevsmomentum.png		2026-05-20
04_Concepts/Kinetic-Theory-of-Gases.md	added	Kinetic theory of gases	_attachments/04_Concepts/Kinetic-Theory-of-Gases--wiki-translational-motion.gif,_attachments/04_Concepts/Kinetic-Theory-of-Gases--wiki-catherine-ii-visiting-mikhail-lomonosov-.jpg,_attachments/04_Concepts/Kinetic-Theory-of-Gases--wiki-hydrodynamica-danielis-bernoulli.png		2026-05-20
04_Concepts/Leptons.md	added	Lepton	_attachments/04_Concepts/Leptons--wiki-beta-negative-decay.svg,_attachments/04_Concepts/Leptons--wiki-beta-negative-decay.svg,_attachments/04_Concepts/Leptons--wiki-lepton-interaction-vertex-eez.svg		2026-05-20
04_Concepts/Magnetic-Field.md	added	Magnetic field	_attachments/04_Concepts/Magnetic-Field--wiki-magnetic-field-around-solenoid.jpg,_attachments/04_Concepts/Magnetic-Field--wiki-circular-toroidal-inductor.svg,_attachments/04_Concepts/Magnetic-Field--wiki-coaxpoyntingvector.png		2026-05-20
04_Concepts/Moment.md	added	Moment (physics)	_attachments/04_Concepts/Moment--wiki-lever-principle-3d.png,_attachments/04_Concepts/Moment--wiki-stylised-atom-with-three-bohr-model-orbi.svg		2026-05-20
04_Concepts/Normal-Contact-Force.md	added	Normal force	_attachments/04_Concepts/Normal-Contact-Force--wiki-friction-relative-to-normal-force-diagra.png		2026-05-20
04_Concepts/Nuclear-Fission.md	added	Nuclear fission	_attachments/04_Concepts/Nuclear-Fission--wiki-nuclear-fission.svg,_attachments/04_Concepts/Nuclear-Fission--wiki-binding-energy-curve-common-isotopes.svg,_attachments/04_Concepts/Nuclear-Fission--wiki-bucky1.gif		2026-05-20
04_Concepts/Nuclear-Fusion.md	added	Nuclear fusion	_attachments/04_Concepts/Nuclear-Fusion--wiki-east-tokamak-plasma-image3.jpg,_attachments/04_Concepts/Nuclear-Fusion--wiki-1960-articles-published-in-journal-nucle.svg,_attachments/04_Concepts/Nuclear-Fusion--wiki-27-inch-cyclotron.jpg		2026-05-20
04_Concepts/Orbital-Motion.md	added	Orbit	_attachments/04_Concepts/Orbital-Motion--wiki-animation-of-orbital-eccentricity.gif,_attachments/04_Concepts/Orbital-Motion--wiki-animation-of-orbital-eccentricity.gif,_attachments/04_Concepts/Orbital-Motion--wiki-conic-sections.svg		2026-05-20
04_Concepts/Phase-Difference.md	added	Phase (waves)	_attachments/04_Concepts/Phase-Difference--wiki-oscillating-sine-wave.gif,_attachments/04_Concepts/Phase-Difference--wiki-oscillating-sine-wave.gif,_attachments/04_Concepts/Phase-Difference--wiki-out-of-phase-ae.gif		2026-05-20
04_Concepts/Photoelectric-Effect.md	added	Photoelectric effect	_attachments/04_Concepts/Photoelectric-Effect--wiki-photoelectric-effect-in-a-solid-diagram.svg,_attachments/04_Concepts/Photoelectric-Effect--wiki-arpes-setup-ultraviolet-source-sample-ho.svg,_attachments/04_Concepts/Photoelectric-Effect--wiki-dominant-photon-matter-interaction.svg		2026-05-20
04_Concepts/Photon-Energy.md	added	Photon	_attachments/04_Concepts/Photon-Energy--wiki-bohr-atom-par.svg,_attachments/04_Concepts/Photon-Energy--wiki-bohr-atom-model.svg,_attachments/04_Concepts/Photon-Energy--wiki-electron-scattering.svg		2026-05-20
04_Concepts/Polarisation.md	added	Polarization (waves)	_attachments/04_Concepts/Polarisation--wiki-polarizacio.jpg,_attachments/04_Concepts/Polarisation--wiki-birefringence.svg,_attachments/04_Concepts/Polarisation--wiki-birefringence-stress-plastic.jpg		2026-05-20
04_Concepts/Potential-Divider.md	added	Voltage divider	_attachments/04_Concepts/Potential-Divider--wiki-highvoltagedividerprobe.jpg		2026-05-20
04_Concepts/Quarks.md	added	Quark	_attachments/04_Concepts/Quarks--wiki-quark-structure-proton.svg,_attachments/04_Concepts/Quarks--wiki-beta-negative-decay.svg,_attachments/04_Concepts/Quarks--wiki-charmed-dia-w.png		2026-05-20
04_Concepts/Radian.md	added	Radian	_attachments/04_Concepts/Radian--wiki-circle-radians.gif,_attachments/04_Concepts/Radian--wiki-circle-radians.gif,_attachments/04_Concepts/Radian--wiki-radian-common.svg		2026-05-20
04_Concepts/Radioactive-Decay.md	added	Radioactive decay	_attachments/04_Concepts/Radioactive-Decay--wiki-nuclearreaction.svg,_attachments/04_Concepts/Radioactive-Decay--wiki-alfa-beta-gamma-radiation.svg,_attachments/04_Concepts/Radioactive-Decay--wiki-crookes-tube-xray-experiment.jpg		2026-05-20
04_Concepts/Radioactivity.md	added	Radioactive decay	_attachments/04_Concepts/Radioactivity--wiki-nuclearreaction.svg,_attachments/04_Concepts/Radioactivity--wiki-alfa-beta-gamma-radiation.svg,_attachments/04_Concepts/Radioactivity--wiki-crookes-tube-xray-experiment.jpg		2026-05-20
04_Concepts/Redshift.md	added	Redshift	_attachments/04_Concepts/Redshift--wiki-redshift.svg,_attachments/04_Concepts/Redshift--wiki-2dfgrs.png,_attachments/04_Concepts/Redshift--wiki-comoving-distance-and-lookback-time-plan.png		2026-05-20
04_Concepts/Resolution-Accuracy-and-Precision.md	added	Accuracy and precision	_attachments/04_Concepts/Resolution-Accuracy-and-Precision--wiki-accuracy-and-precision.svg,_attachments/04_Concepts/Resolution-Accuracy-and-Precision--wiki-accvsprecision.jpg,_attachments/04_Concepts/Resolution-Accuracy-and-Precision--wiki-accuracy-trueness-and-precision.svg		2026-05-20
04_Concepts/Resonance.md	added	Resonance	_attachments/04_Concepts/Resonance--wiki-resonance.png,_attachments/04_Concepts/Resonance--wiki-animacion1.gif,_attachments/04_Concepts/Resonance--wiki-hwb-nmr-900mhz-212-tesla.jpg		2026-05-20
04_Concepts/Resultant-Force.md	added	Resultant force	_attachments/04_Concepts/Resultant-Force--wiki-rezultanta.svg,_attachments/04_Concepts/Resultant-Force--wiki-stylised-atom-with-three-bohr-model-orbi.svg		2026-05-20
04_Concepts/SI-Units.md	added	International System of Units	_attachments/04_Concepts/SI-Units--wiki-si-illustration-base-units-and-constants.svg,_attachments/04_Concepts/SI-Units--wiki-alter-grenzstein-pontebba-01.jpg,_attachments/04_Concepts/SI-Units--wiki-cubelitre.svg		2026-05-20
04_Concepts/Simple-Harmonic-Motion.md	added	Simple harmonic motion	_attachments/04_Concepts/Simple-Harmonic-Motion--wiki-simple-harmonic-motion-orbit.gif,_attachments/04_Concepts/Simple-Harmonic-Motion--wiki-scotch-yoke-animation.gif,_attachments/04_Concepts/Simple-Harmonic-Motion--wiki-simple-harmonic-motion-orbit.gif		2026-05-20
04_Concepts/Standing-Waves.md	added	Standing wave	_attachments/04_Concepts/Standing-Waves--wiki-waventerference.gif,_attachments/04_Concepts/Standing-Waves--wiki-molecule2.gif,_attachments/04_Concepts/Standing-Waves--wiki-spectrogram-showing-shared-partials.png		2026-05-20
04_Concepts/States-of-Matter.md	added	State of matter	_attachments/04_Concepts/States-of-Matter--wiki-bromine-vial-in-acrylic-cube.jpg,_attachments/04_Concepts/States-of-Matter--wiki-bose-einstein-condensate.png,_attachments/04_Concepts/States-of-Matter--wiki-bromine-vial-in-acrylic-cube.jpg		2026-05-20
04_Concepts/Static-Electricity.md	added	Static electricity	_attachments/04_Concepts/Static-Electricity--wiki-static-on-the-playground-48616367.jpg,_attachments/04_Concepts/Static-Electricity--wiki-airbus-a321-231-british-airways-g-euxh-e.jpg,_attachments/04_Concepts/Static-Electricity--wiki-antistatic-wrist-guard.jpg		2026-05-20
04_Concepts/Stellar-Evolution.md	added	Stellar evolution	_attachments/04_Concepts/Stellar-Evolution--wiki-triangle-of-everything-stellar-evolution.png,_attachments/04_Concepts/Stellar-Evolution--wiki-black-hole-messier-87.jpg,_attachments/04_Concepts/Stellar-Evolution--wiki-crab-nebula.jpg		2026-05-20
04_Concepts/Systematic-and-Random-Errors.md	added	Observational error	_attachments/04_Concepts/Systematic-and-Random-Errors--wiki-measurement-distribution-with-systematic.svg		2026-05-20
04_Concepts/Temperature.md	added	Temperature	_attachments/04_Concepts/Temperature--wiki-thermally-agitated-molecule.gif,_attachments/04_Concepts/Temperature--wiki-a-guide-to-cosmic-temperatures-svs14374-.jpg,_attachments/04_Concepts/Temperature--wiki-body-temp-variation.svg		2026-05-20
04_Concepts/Terminal-Velocity.md	added	Terminal velocity	_attachments/04_Concepts/Terminal-Velocity--wiki-terminal-velocity.svg,_attachments/04_Concepts/Terminal-Velocity--wiki-graph-of-velocity-versus-time-of-a-skydi.svg,_attachments/04_Concepts/Terminal-Velocity--wiki-settling-velocity-quartz.png		2026-05-20
04_Concepts/The-Electronvolt.md	added	Electronvolt	_attachments/04_Concepts/The-Electronvolt--wiki-light-spectrum.svg		2026-05-20
04_Concepts/The-Standard-Model.md	added	Standard Model	_attachments/04_Concepts/The-Standard-Model--wiki-standard-model-of-elementary-particles.svg,_attachments/04_Concepts/The-Standard-Model--wiki-fundamental-interactions.png,_attachments/04_Concepts/The-Standard-Model--wiki-standard-model-of-elementary-particles.svg		2026-05-20
04_Concepts/Threshold-Frequency.md	added	Photoelectric effect	_attachments/04_Concepts/Threshold-Frequency--wiki-photoelectric-effect-in-a-solid-diagram.svg,_attachments/04_Concepts/Threshold-Frequency--wiki-arpes-setup-ultraviolet-source-sample-ho.svg,_attachments/04_Concepts/Threshold-Frequency--wiki-dominant-photon-matter-interaction.svg		2026-05-20
04_Concepts/Total-Internal-Reflection.md	added	Total internal reflection	_attachments/04_Concepts/Total-Internal-Reflection--wiki-total-internal-reflection-by-fluorescenc.jpg,_attachments/04_Concepts/Total-Internal-Reflection--wiki-aquarium-total-internal-reflection.jpg,_attachments/04_Concepts/Total-Internal-Reflection--wiki-augustin-fresnel.jpg		2026-05-20
04_Concepts/Uniform-Electric-Field.md	added	Electric flux	_attachments/04_Concepts/Uniform-Electric-Field--wiki-vfpt-solenoid-correct2.svg,_attachments/04_Concepts/Uniform-Electric-Field--wiki-oiintlatex.svg,_attachments/04_Concepts/Uniform-Electric-Field--wiki-vfpt-solenoid-correct2.svg		2026-05-20
04_Concepts/Wave-Particle-Duality.md	added	Wave–particle duality	_attachments/04_Concepts/Wave-Particle-Duality--wiki-bachetal-interference.png,_attachments/04_Concepts/Wave-Particle-Duality--wiki-electron-buildup-movie-from-controlled-d.gif,_attachments/04_Concepts/Wave-Particle-Duality--wiki-inclinedthrow.gif		2026-05-20
04_Concepts/Wave-Reflection.md	added	Reflection (physics)	_attachments/04_Concepts/Wave-Reflection--wiki-mount-hood-reflected-in-mirror-lake-oreg.jpg,_attachments/04_Concepts/Wave-Reflection--wiki-corner-reflector.svg,_attachments/04_Concepts/Wave-Reflection--wiki-diffuse-reflection1.svg		2026-05-20
04_Concepts/Wave-Refraction.md	added	Refraction	_attachments/04_Concepts/Wave-Refraction--wiki-refraction-photo.png,_attachments/04_Concepts/Wave-Refraction--wiki-66599-tupton.jpg,_attachments/04_Concepts/Wave-Refraction--wiki-beach-and-waves-2784111859.jpg		2026-05-20
05_Laws-and-Results/Capacitor-Discharge-Equation.md	added	Capacitor	_attachments/05_Laws-and-Results/Capacitor-Discharge-Equation--wiki-capacitors-7189597135.jpg,_attachments/05_Laws-and-Results/Capacitor-Discharge-Equation--wiki-24-million-watt-high-speed-flash-through.jpg,_attachments/05_Laws-and-Results/Capacitor-Discharge-Equation--wiki-axial-electrolytic-capacitors.jpg		2026-05-20
05_Laws-and-Results/Conservation-of-Energy.md	added	Conservation of energy	_attachments/05_Laws-and-Results/Conservation-of-Energy--wiki-daniel-bernoulli-001.jpg,_attachments/05_Laws-and-Results/Conservation-of-Energy--wiki-emilie-chatelet-portrait-by-latour.jpg,_attachments/05_Laws-and-Results/Conservation-of-Energy--wiki-gaspard-gustave-de-coriolis.jpg		2026-05-20
05_Laws-and-Results/Conservation-of-Momentum.md	added	Momentum	_attachments/05_Laws-and-Results/Conservation-of-Momentum--wiki-billard.jpg,_attachments/05_Laws-and-Results/Conservation-of-Momentum--wiki-1950-avicenna-stamp-of-iran-cropped.jpg,_attachments/05_Laws-and-Results/Conservation-of-Momentum--wiki-christiaan-huygens-painting-cropped.jpeg		2026-05-20
05_Laws-and-Results/Coulombs-Law.md	added	Coulomb's law	_attachments/05_Laws-and-Results/Coulombs-Law--wiki-coulombslaw-scal.svg,_attachments/05_Laws-and-Results/Coulombs-Law--wiki-bcoulomb.png,_attachments/05_Laws-and-Results/Coulombs-Law--wiki-coulomb.jpg		2026-05-20
05_Laws-and-Results/De-Broglie-Equation.md	added	Matter wave	_attachments/05_Laws-and-Results/De-Broglie-Equation--wiki-a565-g-p-thomson-electron-diffraction.jpg,_attachments/05_Laws-and-Results/De-Broglie-Equation--wiki-electron-buildup-movie-from-controlled-d.gif,_attachments/05_Laws-and-Results/De-Broglie-Equation--wiki-guassian-dispersion.gif		2026-05-20
05_Laws-and-Results/Diffraction-Grating-Equation.md	added	Diffraction grating	_attachments/05_Laws-and-Results/Diffraction-Grating-Equation--wiki-diffraction-grating.jpg,_attachments/05_Laws-and-Results/Diffraction-Grating-Equation--wiki-lines-made-with-light-diffraction-gratin.jpg,_attachments/05_Laws-and-Results/Diffraction-Grating-Equation--wiki-an-incandescent-light-bulb-viewed-throug.jpg		2026-05-20
05_Laws-and-Results/Faradays-Law.md	added	Faraday's law of induction	_attachments/05_Laws-and-Results/Faradays-Law--wiki-elementary-generator.svg,_attachments/05_Laws-and-Results/Faradays-Law--wiki-alternator-1.svg,_attachments/05_Laws-and-Results/Faradays-Law--wiki-electromagnetic-induction-solenoid-to-lo.gif		2026-05-20
05_Laws-and-Results/Force-on-a-Current-Carrying-Conductor.md	added	Electrical conductor	_attachments/05_Laws-and-Results/Force-on-a-Current-Carrying-Conductor--wiki-electrical-wires-near-putim.jpg,_attachments/05_Laws-and-Results/Force-on-a-Current-Carrying-Conductor--wiki-electrical-wires-near-putim.jpg,_attachments/05_Laws-and-Results/Force-on-a-Current-Carrying-Conductor--wiki-resistivity-geometry.png		2026-05-20
05_Laws-and-Results/Force-on-a-Moving-Charge.md	added	Lorentz force	_attachments/05_Laws-and-Results/Force-on-a-Moving-Charge--wiki-lorentz-force-on-charged-particles-in-bu.svg,_attachments/05_Laws-and-Results/Force-on-a-Moving-Charge--wiki-aharonovbohm-effect-apparatus.svg,_attachments/05_Laws-and-Results/Force-on-a-Moving-Charge--wiki-alternator-1.svg		2026-05-20
05_Laws-and-Results/Hookes-Law.md	added	Hooke's law	_attachments/05_Laws-and-Results/Hookes-Law--wiki-hookes-law-springs.png,_attachments/05_Laws-and-Results/Hookes-Law--wiki-balancier-avec-ressort-spiral.png,_attachments/05_Laws-and-Results/Hookes-Law--wiki-hookes-law-wikipedia.png		2026-05-20
05_Laws-and-Results/Hubbles-Law.md	added	Hubble's law	_attachments/05_Laws-and-Results/Hubbles-Law--wiki-raisinbread.gif,_attachments/05_Laws-and-Results/Hubbles-Law--wiki-1-s20-s221268642500158x-gr1-lrg.jpg,_attachments/05_Laws-and-Results/Hubbles-Law--wiki-bridge-diagram-showing-different-measure.jpg		2026-05-20
05_Laws-and-Results/Ideal-Gas-Equation.md	added	Ideal gas law	_attachments/05_Laws-and-Results/Ideal-Gas-Equation--wiki-ideal-gas-isotherms.svg,_attachments/05_Laws-and-Results/Ideal-Gas-Equation--wiki-carnot-heat-engine-2.svg,_attachments/05_Laws-and-Results/Ideal-Gas-Equation--wiki-ideal-gas-law.jpg		2026-05-20
05_Laws-and-Results/Keplers-Third-Law.md	added	Kepler's laws of planetary motion	_attachments/05_Laws-and-Results/Keplers-Third-Law--wiki-kepler-laws-diagram.svg,_attachments/05_Laws-and-Results/Keplers-Third-Law--wiki-circular-orbit-of-planet-with-eccentrict.gif,_attachments/05_Laws-and-Results/Keplers-Third-Law--wiki-crab-nebula.jpg		2026-05-20
05_Laws-and-Results/Kirchhoffs-First-Law.md	added	Kirchhoff's circuit laws	_attachments/05_Laws-and-Results/Kirchhoffs-First-Law--wiki-kcl-kirchhoffs-circuit-laws.svg,_attachments/05_Laws-and-Results/Kirchhoffs-First-Law--wiki-kirchhoff-voltage-law.svg,_attachments/05_Laws-and-Results/Kirchhoffs-First-Law--wiki-kirshhoff-example.svg		2026-05-20
05_Laws-and-Results/Kirchhoffs-Second-Law.md	added	Kirchhoff's circuit laws	_attachments/05_Laws-and-Results/Kirchhoffs-Second-Law--wiki-kcl-kirchhoffs-circuit-laws.svg,_attachments/05_Laws-and-Results/Kirchhoffs-Second-Law--wiki-kirchhoff-voltage-law.svg,_attachments/05_Laws-and-Results/Kirchhoffs-Second-Law--wiki-kirshhoff-example.svg		2026-05-20
05_Laws-and-Results/Law-of-Reflection.md	added	Specular reflection	_attachments/05_Laws-and-Results/Law-of-Reflection--wiki-eiffel-tower-under-cloudy-sky.jpg,_attachments/05_Laws-and-Results/Law-of-Reflection--wiki-heart-of-the-city-water-feature-sheffiel.jpg,_attachments/05_Laws-and-Results/Law-of-Reflection--wiki-marble-ball-kongens-have-copenhagen-dsc0.jpg		2026-05-20
05_Laws-and-Results/Lenzs-Law.md	added	Lenz's law	_attachments/05_Laws-and-Results/Lenzs-Law--wiki-vfpt-solenoid-correct2.svg,_attachments/05_Laws-and-Results/Lenzs-Law--wiki-lenz-law-demonstration.png,_attachments/05_Laws-and-Results/Lenzs-Law--wiki-vfpt-solenoid-correct2.svg		2026-05-20
05_Laws-and-Results/Mass-Energy-Equivalence.md	added	Mass–energy equivalence	_attachments/05_Laws-and-Results/Mass-Energy-Equivalence--wiki-m87-jet.jpg,_attachments/05_Laws-and-Results/Mass-Energy-Equivalence--wiki-emc2-explication.svg,_attachments/05_Laws-and-Results/Mass-Energy-Equivalence--wiki-einstein-time-magazine-july-1-1946.jpg		2026-05-20
05_Laws-and-Results/Newton-First-Law.md	added	Newton's laws of motion	_attachments/05_Laws-and-Results/Newton-First-Law--wiki-binary-system-orbit-q3-e0.gif,_attachments/05_Laws-and-Results/Newton-First-Law--wiki-bouncing-ball-strobe-edit.jpg,_attachments/05_Laws-and-Results/Newton-First-Law--wiki-breaking-string.png		2026-05-20
05_Laws-and-Results/Newton-Second-Law.md	added	Newton's laws of motion	_attachments/05_Laws-and-Results/Newton-Second-Law--wiki-binary-system-orbit-q3-e0.gif,_attachments/05_Laws-and-Results/Newton-Second-Law--wiki-bouncing-ball-strobe-edit.jpg,_attachments/05_Laws-and-Results/Newton-Second-Law--wiki-breaking-string.png		2026-05-20
05_Laws-and-Results/Newton-Third-Law.md	added	Newton's laws of motion	_attachments/05_Laws-and-Results/Newton-Third-Law--wiki-binary-system-orbit-q3-e0.gif,_attachments/05_Laws-and-Results/Newton-Third-Law--wiki-bouncing-ball-strobe-edit.jpg,_attachments/05_Laws-and-Results/Newton-Third-Law--wiki-breaking-string.png		2026-05-20
05_Laws-and-Results/Newtons-Law-of-Gravitation.md	added	Newton's law of universal gravitation	_attachments/05_Laws-and-Results/Newtons-Law-of-Gravitation--wiki-earth-g-force.png,_attachments/05_Laws-and-Results/Newtons-Law-of-Gravitation--wiki-gpb-circling-earth.jpg,_attachments/05_Laws-and-Results/Newtons-Law-of-Gravitation--wiki-gravity-big-g-measurements-nist.png		2026-05-20
05_Laws-and-Results/Ohms-Law.md	added	Ohm's law	_attachments/05_Laws-and-Results/Ohms-Law--wiki-electrona-in-crystallo-fluentia.svg,_attachments/05_Laws-and-Results/Ohms-Law--wiki-fourivcurves.svg,_attachments/05_Laws-and-Results/Ohms-Law--wiki-ohm3.gif		2026-05-20
05_Laws-and-Results/Photoelectric-Equation.md	added	Photoelectric effect	_attachments/05_Laws-and-Results/Photoelectric-Equation--wiki-photoelectric-effect-in-a-solid-diagram.svg,_attachments/05_Laws-and-Results/Photoelectric-Equation--wiki-arpes-setup-ultraviolet-source-sample-ho.svg,_attachments/05_Laws-and-Results/Photoelectric-Equation--wiki-dominant-photon-matter-interaction.svg		2026-05-20
05_Laws-and-Results/Principle-of-Moments.md	added	The Principle of Moments	_attachments/05_Laws-and-Results/Principle-of-Moments--wiki-principle-of-moments.jpg		2026-05-20
05_Laws-and-Results/Radioactive-Decay-Law.md	added	Radioactive decay	_attachments/05_Laws-and-Results/Radioactive-Decay-Law--wiki-nuclearreaction.svg,_attachments/05_Laws-and-Results/Radioactive-Decay-Law--wiki-alfa-beta-gamma-radiation.svg,_attachments/05_Laws-and-Results/Radioactive-Decay-Law--wiki-crookes-tube-xray-experiment.jpg		2026-05-20
05_Laws-and-Results/Simple-Harmonic-Motion-Equation.md	added	Simple harmonic motion	_attachments/05_Laws-and-Results/Simple-Harmonic-Motion-Equation--wiki-simple-harmonic-motion-orbit.gif,_attachments/05_Laws-and-Results/Simple-Harmonic-Motion-Equation--wiki-scotch-yoke-animation.gif,_attachments/05_Laws-and-Results/Simple-Harmonic-Motion-Equation--wiki-simple-harmonic-motion-orbit.gif		2026-05-20
05_Laws-and-Results/Snell-Law.md	added	Snell's law	_attachments/05_Laws-and-Results/Snell-Law--wiki-snells-law2.svg,_attachments/05_Laws-and-Results/Snell-Law--wiki-huygens-refracted-waves.png,_attachments/05_Laws-and-Results/Snell-Law--wiki-ibn-sahl-manuscript.jpg		2026-05-20
05_Laws-and-Results/Stefans-Law.md	added	Stefan–Boltzmann law	_attachments/05_Laws-and-Results/Stefans-Law--wiki-stefan-boltzmann-001.svg,_attachments/05_Laws-and-Results/Stefans-Law--wiki-blackbody-peak-wavelength-exitance-vs-te.svg,_attachments/05_Laws-and-Results/Stefans-Law--wiki-stefan-boltzmann-law.png		2026-05-20
05_Laws-and-Results/Wave-Speed-Equation.md	added	Wave equation	_attachments/05_Laws-and-Results/Wave-Speed-Equation--wiki-1d-wave-equation-animation.gif,_attachments/05_Laws-and-Results/Wave-Speed-Equation--wiki-2d-wave-function-resize.gif,_attachments/05_Laws-and-Results/Wave-Speed-Equation--wiki-leonhard-euler-2.jpg		2026-05-20
05_Laws-and-Results/Wiens-Displacement-Law.md	added	Wien's displacement law	_attachments/05_Laws-and-Results/Wiens-Displacement-Law--wiki-wiens-law.svg,_attachments/05_Laws-and-Results/Wiens-Displacement-Law--wiki-230617t161650planckparam6000.svg,_attachments/05_Laws-and-Results/Wiens-Displacement-Law--wiki-blacksmith-at-work02.jpg		2026-05-20
06_Models/Bohr-Model.md	added	Bohr model	_attachments/06_Models/Bohr-Model--wiki-bohr-atom-model.svg,_attachments/06_Models/Bohr-Model--wiki-blausen-0342-electronenergylevels.png,_attachments/06_Models/Bohr-Model--wiki-bohr-atom-model.svg		2026-05-20
06_Models/Constant-Acceleration-Model.md	added	Acceleration	_attachments/06_Models/Constant-Acceleration-Model--wiki-gravity-gravita-grave.gif,_attachments/06_Models/Constant-Acceleration-Model--wiki-1-d-kinematics.svg,_attachments/06_Models/Constant-Acceleration-Model--wiki-acceleration-as-derivative-of-velocity-a.svg		2026-05-20
06_Models/Free-Body-Model.md	added	Free body diagram	_attachments/06_Models/Free-Body-Model--wiki-free-body-diagram2.svg,_attachments/06_Models/Free-Body-Model--wiki-free-body-diagram2.svg,_attachments/06_Models/Free-Body-Model--wiki-kinetic-diagram-of-inclined-block.svg		2026-05-20
06_Models/Ideal-Gas-Model.md	added	Ideal gas	_attachments/06_Models/Ideal-Gas-Model--wiki-carnot-heat-engine-2.svg,_attachments/06_Models/Ideal-Gas-Model--wiki-carnot-heat-engine-2.svg,_attachments/06_Models/Ideal-Gas-Model--wiki-ideal-gas-law-relationships.svg		2026-05-20
06_Models/Ideal-Spring-Model.md	added	Spring (device)	_attachments/06_Models/Ideal-Spring-Model--wiki-alarm-clock-balance-wheel.jpg,_attachments/06_Models/Ideal-Spring-Model--wiki-bogenfedern-und-bogenfedersysteme.jpg,_attachments/06_Models/Ideal-Spring-Model--wiki-different-types-of-mechanical-stress-en.svg		2026-05-20
06_Models/Nuclear-Model.md	added	Atomic nucleus	_attachments/06_Models/Nuclear-Model--wiki-nucleus-drawing.svg,_attachments/06_Models/Nuclear-Model--wiki-helium-atom-qm.svg,_attachments/06_Models/Nuclear-Model--wiki-nuclearreaction.svg		2026-05-20
06_Models/Photon-Model.md	added	Photon	_attachments/06_Models/Photon-Model--wiki-bohr-atom-par.svg,_attachments/06_Models/Photon-Model--wiki-bohr-atom-model.svg,_attachments/06_Models/Photon-Model--wiki-electron-scattering.svg		2026-05-20
06_Models/Point-Mass-Model.md	added	Point particle	_attachments/06_Models/Point-Mass-Model--wiki-collage-of-point-particles.png,_attachments/06_Models/Point-Mass-Model--wiki-collage-of-point-particles.png,_attachments/06_Models/Point-Mass-Model--wiki-quark-structure-proton.svg		2026-05-20
06_Models/Potential-Divider-Model.md	added	Voltage divider	_attachments/06_Models/Potential-Divider-Model--wiki-highvoltagedividerprobe.jpg		2026-05-20
06_Models/Projectile-Motion-Model.md	added	Projectile motion	_attachments/06_Models/Projectile-Motion-Model--wiki-parabolicwatertrajectory.jpg,_attachments/06_Models/Projectile-Motion-Model--wiki-ballistic-trajectories-planet2.svg,_attachments/06_Models/Projectile-Motion-Model--wiki-ballistic-trajectories.svg		2026-05-20
06_Models/Ray-Model-of-Light.md	added	Geometrical optics	_attachments/06_Models/Ray-Model-of-Light--wiki-2015-05-25-0820incoming-parallel-rays-ar.png,_attachments/06_Models/Ray-Model-of-Light--wiki-2015-05-25-0836with-concave-lenses-incom.png,_attachments/06_Models/Ray-Model-of-Light--wiki-lens3b.svg		2026-05-20
06_Models/Rigid-Body-Model.md	added	Rigid body	_attachments/06_Models/Rigid-Body-Model--wiki-flight-dynamics-with-text.svg,_attachments/06_Models/Rigid-Body-Model--wiki-flight-dynamics-with-text.svg,_attachments/06_Models/Rigid-Body-Model--wiki-stylised-atom-with-three-bohr-model-orbi.svg		2026-05-20
06_Models/Simple-Harmonic-Oscillator.md	added	Simple harmonic motion	_attachments/06_Models/Simple-Harmonic-Oscillator--wiki-simple-harmonic-motion-orbit.gif,_attachments/06_Models/Simple-Harmonic-Oscillator--wiki-scotch-yoke-animation.gif,_attachments/06_Models/Simple-Harmonic-Oscillator--wiki-simple-harmonic-motion-orbit.gif		2026-05-20
07_Methods/Analysing-Capacitor-Charge-and-Discharge.md	skip-type	-	-	type=method	2026-05-20
07_Methods/Analysing-Circuit-Diagrams.md	skip-type	-	-	type=method	2026-05-20
07_Methods/Analysing-Wave-Superposition.md	skip-type	-	-	type=method	2026-05-20
07_Methods/Applying-Conservation-of-Energy.md	skip-type	-	-	type=method	2026-05-20
07_Methods/Applying-Conservation-of-Momentum.md	skip-type	-	-	type=method	2026-05-20
07_Methods/Applying-Faradays-Law.md	skip-type	-	-	type=method	2026-05-20
07_Methods/Applying-Newton-Second-Law.md	skip-type	-	-	type=method	2026-05-20
07_Methods/Applying-Snell-Law.md	skip-type	-	-	type=method	2026-05-20
07_Methods/Applying-the-Ideal-Gas-Equation.md	skip-type	-	-	type=method	2026-05-20
07_Methods/Calculating-Binding-Energy-and-Energy-Release.md	skip-type	-	-	type=method	2026-05-20
07_Methods/Calculating-Percentage-Difference.md	skip-type	-	-	type=method	2026-05-20
07_Methods/Calculating-Percentage-Uncertainty.md	skip-type	-	-	type=method	2026-05-20
07_Methods/Combining-Uncertainties.md	skip-type	-	-	type=method	2026-05-20
07_Methods/Differential-Equations.md	skip-type	-	-	type=method	2026-05-20
07_Methods/Differentiation.md	skip-type	-	-	type=method	2026-05-20
07_Methods/Drawing-Free-Body-Diagrams.md	skip-type	-	-	type=method	2026-05-20
07_Methods/Estimating-Uncertainty-from-Apparatus.md	skip-type	-	-	type=method	2026-05-20
07_Methods/Finding-Area-Under-a-Graph.md	skip-type	-	-	type=method	2026-05-20
07_Methods/Finding-Gradient-from-a-Graph.md	skip-type	-	-	type=method	2026-05-20
07_Methods/Integration.md	skip-type	-	-	type=method	2026-05-20
07_Methods/Linearising-a-Graph.md	skip-type	-	-	type=method	2026-05-20
07_Methods/Resolving-Forces.md	skip-type	-	-	type=method	2026-05-20
07_Methods/Resolving-Vectors.md	skip-type	-	-	type=method	2026-05-20
07_Methods/Significant-Figures-in-Measurements.md	skip-type	-	-	type=method	2026-05-20
07_Methods/Solving-Circular-Motion-Problems.md	skip-type	-	-	type=method	2026-05-20
07_Methods/Solving-SHM-Problems.md	skip-type	-	-	type=method	2026-05-20
07_Methods/Trigonometry.md	skip-type	-	-	type=method	2026-05-20
07_Methods/Using-Keplers-Third-Law.md	skip-type	-	-	type=method	2026-05-20
07_Methods/Using-Kirchhoffs-Laws.md	skip-type	-	-	type=method	2026-05-20
07_Methods/Using-Potential-Dividers.md	skip-type	-	-	type=method	2026-05-20
07_Methods/Using-SUVAT-Equations.md	skip-type	-	-	type=method	2026-05-20
07_Methods/Using-Uncertainty-Propagation.md	skip-type	-	-	type=method	2026-05-20
07_Methods/Using-the-Photoelectric-Equation.md	skip-type	-	-	type=method	2026-05-20
08_Representations/Acceleration-Time-Graph.md	added	Acceleration	_attachments/08_Representations/Acceleration-Time-Graph--wiki-gravity-gravita-grave.gif,_attachments/08_Representations/Acceleration-Time-Graph--wiki-1-d-kinematics.svg,_attachments/08_Representations/Acceleration-Time-Graph--wiki-acceleration-as-derivative-of-velocity-a.svg		2026-05-20
08_Representations/Capacitor-Discharge-Graph.md	added	Ceramic capacitor	_attachments/08_Representations/Capacitor-Discharge-Graph--wiki-electronic-component-ceramic-capacitor.jpg,_attachments/08_Representations/Capacitor-Discharge-Graph--wiki-cpu-beschaltung-mit-mlcc-p1040239-d.jpg,_attachments/08_Representations/Capacitor-Discharge-Graph--wiki-capacitors-x2y.jpg		2026-05-20
08_Representations/Circuit-Diagram.md	added	Circuit diagram	_attachments/08_Representations/Circuit-Diagram--wiki-circuit-diagram-pictorial-and-schematic.png,_attachments/08_Representations/Circuit-Diagram--wiki-4-bit-counter.svg,_attachments/08_Representations/Circuit-Diagram--wiki-circuit-diagram-pictorial-and-schematic.png		2026-05-20
08_Representations/Displacement-Time-Graph.md	added	De Bruijn graph	_attachments/08_Representations/Displacement-Time-Graph--wiki-debruijn-3-2.svg,_attachments/08_Representations/Displacement-Time-Graph--wiki-debruijn-as-line-digraph.svg,_attachments/08_Representations/Displacement-Time-Graph--wiki-de-bruijn-binary-graph.svg		2026-05-20
08_Representations/Electric-Field-Line-Diagram.md	added	Field line	_attachments/08_Representations/Electric-Field-Line-Diagram--wiki-electric-field-lines.svg,_attachments/08_Representations/Electric-Field-Line-Diagram--wiki-camposcargas.svg,_attachments/08_Representations/Electric-Field-Line-Diagram--wiki-electric-field-lines.svg		2026-05-20
08_Representations/Free-Body-Diagram.md	added	Free body diagram	_attachments/08_Representations/Free-Body-Diagram--wiki-free-body-diagram2.svg,_attachments/08_Representations/Free-Body-Diagram--wiki-free-body-diagram2.svg,_attachments/08_Representations/Free-Body-Diagram--wiki-kinetic-diagram-of-inclined-block.svg		2026-05-20
08_Representations/Gravitational-Field-Line-Diagram.md	added	Field line	_attachments/08_Representations/Gravitational-Field-Line-Diagram--wiki-electric-field-lines.svg,_attachments/08_Representations/Gravitational-Field-Line-Diagram--wiki-camposcargas.svg,_attachments/08_Representations/Gravitational-Field-Line-Diagram--wiki-electric-field-lines.svg		2026-05-20
08_Representations/Hertzsprung-Russell-Diagram.md	added	Hertzsprung–Russell diagram	_attachments/08_Representations/Hertzsprung-Russell-Diagram--wiki-hrdiagram.png,_attachments/08_Representations/Hertzsprung-Russell-Diagram--wiki-crab-nebula.jpg,_attachments/08_Representations/Hertzsprung-Russell-Diagram--wiki-earth-moon.jpg		2026-05-20
08_Representations/IV-Characteristic.md	added	Current–voltage characteristic	_attachments/08_Representations/IV-Characteristic--wiki-fourivcurves.svg,_attachments/08_Representations/IV-Characteristic--wiki-gunn-diode-iv-curve.svg,_attachments/08_Representations/IV-Characteristic--wiki-ivsv-mosfet.svg		2026-05-20
08_Representations/Magnetic-Field-Line-Diagram.md	added	Field line	_attachments/08_Representations/Magnetic-Field-Line-Diagram--wiki-electric-field-lines.svg,_attachments/08_Representations/Magnetic-Field-Line-Diagram--wiki-camposcargas.svg,_attachments/08_Representations/Magnetic-Field-Line-Diagram--wiki-electric-field-lines.svg		2026-05-20
08_Representations/Nuclear-Decay-Graph.md	added	Beta decay	_attachments/08_Representations/Nuclear-Decay-Graph--wiki-beta-negative-decay.svg,_attachments/08_Representations/Nuclear-Decay-Graph--wiki-beta-spectrum-of-rae.jpg,_attachments/08_Representations/Nuclear-Decay-Graph--wiki-electron-capture.svg		2026-05-20
08_Representations/Ray-Diagram.md	added	Hertzsprung–Russell diagram	_attachments/08_Representations/Ray-Diagram--wiki-hrdiagram.png,_attachments/08_Representations/Ray-Diagram--wiki-crab-nebula.jpg,_attachments/08_Representations/Ray-Diagram--wiki-earth-moon.jpg		2026-05-20
08_Representations/Results-Table.md	added	Table (information)	_attachments/08_Representations/Results-Table--wiki-table-sample-appearance-default-params-v.gif,_attachments/08_Representations/Results-Table--wiki-bernegger-manuale-136.jpg,_attachments/08_Representations/Results-Table--wiki-bernegger-manuale-137.jpg		2026-05-20
08_Representations/Standing-Wave-Diagram.md	added	Standing wave ratio	_attachments/08_Representations/Standing-Wave-Diagram--wiki-swr-verlauf-an-der-7mhz-hb9xbg-antenne.jpg,_attachments/08_Representations/Standing-Wave-Diagram--wiki-swr-verlauf-an-der-7mhz-hb9xbg-antenne.jpg,_attachments/08_Representations/Standing-Wave-Diagram--wiki-slotted-line.png		2026-05-20
08_Representations/Stress-Strain-Graph.md	added	Stress–strain curve	_attachments/08_Representations/Stress-Strain-Graph--wiki-stress-strain-ductile.svg,_attachments/08_Representations/Stress-Strain-Graph--wiki-stress-strain-comparison-brittle-ductile.svg,_attachments/08_Representations/Stress-Strain-Graph--wiki-stress-strain-ductile.svg		2026-05-20
08_Representations/Vector-Triangle.md	added	Triangle inequality	_attachments/08_Representations/Vector-Triangle--wiki-triangleinequality.svg,_attachments/08_Representations/Vector-Triangle--wiki-euclid-triangle-inequality.svg,_attachments/08_Representations/Vector-Triangle--wiki-isosceles-triangle-made-of-right-triangl.svg		2026-05-20
08_Representations/Velocity-Time-Graph.md	added	Motion graphs and derivatives	_attachments/08_Representations/Velocity-Time-Graph--wiki-acceleration.svg,_attachments/08_Representations/Velocity-Time-Graph--wiki-velocity-vs-time-graph.svg		2026-05-20
08_Representations/Wavefront-Diagram.md	added	Feynman diagram	_attachments/08_Representations/Wavefront-Diagram--wiki-feynman-diagram-gluon-radiation.svg,_attachments/08_Representations/Wavefront-Diagram--wiki-feynman-diagram-ee-scattering.png,_attachments/08_Representations/Wavefront-Diagram--wiki-feynman-diagram-gluon-radiation.svg		2026-05-20
09_Experiments-and-Practicals/Apparatus-and-Techniques/Using-Light-Gates.md	added	Light-emitting diode	_attachments/09_Experiments-and-Practicals/Using-Light-Gates--wiki-rbg-led.jpg,_attachments/09_Experiments-and-Practicals/Using-Light-Gates--wiki-1-watt-9-volt-smd-led.jpg,_attachments/09_Experiments-and-Practicals/Using-Light-Gates--wiki-2007-07-24-high-power-light-emitting-dio.jpg		2026-05-20
09_Experiments-and-Practicals/Apparatus-and-Techniques/Using-Vernier-Calipers.md	added	Calipers	_attachments/09_Experiments-and-Practicals/Using-Vernier-Calipers--wiki-caliper-detail-view.jpeg,_attachments/09_Experiments-and-Practicals/Using-Vernier-Calipers--wiki-2020-suwmiarka-cyfrowa.jpg,_attachments/09_Experiments-and-Practicals/Using-Vernier-Calipers--wiki-abbe-error.svg		2026-05-20
09_Experiments-and-Practicals/Apparatus-and-Techniques/Using-a-Micrometer.md	added	Micrometer (device)	_attachments/09_Experiments-and-Practicals/Using-a-Micrometer--wiki-micrometers.jpg,_attachments/09_Experiments-and-Practicals/Using-a-Micrometer--wiki-276inch-micrometer.jpg,_attachments/09_Experiments-and-Practicals/Using-a-Micrometer--wiki-5783metric-micrometer.jpg		2026-05-20
09_Experiments-and-Practicals/Graph-Analysis/Using-Gradient.md	added	Slope	_attachments/09_Experiments-and-Practicals/Using-Gradient--wiki-wiki-slope-in-2d.svg,_attachments/09_Experiments-and-Practicals/Using-Gradient--wiki-gradient-of-a-line-in-coordinates-from-1.gif,_attachments/09_Experiments-and-Practicals/Using-Gradient--wiki-missing-square-puzzle.svg		2026-05-20
09_Experiments-and-Practicals/Graph-Analysis/Using-Intercept.md	added	Y-intercept	_attachments/09_Experiments-and-Practicals/Using-Intercept--wiki-y-intercept.svg,_attachments/09_Experiments-and-Practicals/Using-Intercept--wiki-e-to-the-i-pi.svg		2026-05-20
09_Experiments-and-Practicals/Required-Practicals/Determining-Internal-Resistance.md	added	French Resistance	_attachments/09_Experiments-and-Practicals/Determining-Internal-Resistance--wiki-members-of-the-maquis-in-la-tresorerie.jpg,_attachments/09_Experiments-and-Practicals/Determining-Internal-Resistance--wiki-nicole-a-french-partisan-who-captured-25.jpg,_attachments/09_Experiments-and-Practicals/Determining-Internal-Resistance--wiki-1944-french-propaganda-poster-1939-1944.jpg		2026-05-20
09_Experiments-and-Practicals/Required-Practicals/Investigating-Diffraction-with-a-Grating.md	added	Diffraction	_attachments/09_Experiments-and-Practicals/Investigating-Diffraction-with-a-Grating--wiki-laser-interference.jpg,_attachments/09_Experiments-and-Practicals/Investigating-Diffraction-with-a-Grating--wiki-airy-pattern.svg,_attachments/09_Experiments-and-Practicals/Investigating-Diffraction-with-a-Grating--wiki-blue-laser-single-slit-diffraction-photo.jpg		2026-05-20
09_Experiments-and-Practicals/Required-Practicals/Investigating-Electromagnetic-Induction.md	added	History of electromagnetic theory	_attachments/09_Experiments-and-Practicals/Investigating-Electromagnetic-Induction--wiki-vfpt-solenoid-correct2.svg,_attachments/09_Experiments-and-Practicals/Investigating-Electromagnetic-Induction--wiki-1870s-joseph-henry-1797-1878-american-ph.jpg,_attachments/09_Experiments-and-Practicals/Investigating-Electromagnetic-Induction--wiki-alessandro-volta.jpeg		2026-05-20
09_Experiments-and-Practicals/Required-Practicals/Investigating-Photoelectric-Effect.md	added	Photoelectric effect	_attachments/09_Experiments-and-Practicals/Investigating-Photoelectric-Effect--wiki-photoelectric-effect-in-a-solid-diagram.svg,_attachments/09_Experiments-and-Practicals/Investigating-Photoelectric-Effect--wiki-arpes-setup-ultraviolet-source-sample-ho.svg,_attachments/09_Experiments-and-Practicals/Investigating-Photoelectric-Effect--wiki-dominant-photon-matter-interaction.svg		2026-05-20
09_Experiments-and-Practicals/Required-Practicals/Investigating-Simple-Harmonic-Motion.md	added	Quantum harmonic oscillator	_attachments/09_Experiments-and-Practicals/Investigating-Simple-Harmonic-Motion--wiki-quantumharmonicoscillatoranimation.gif,_attachments/09_Experiments-and-Practicals/Investigating-Simple-Harmonic-Motion--wiki-2d-spherical-harmonic-orbitals.png,_attachments/09_Experiments-and-Practicals/Investigating-Simple-Harmonic-Motion--wiki-aufenthaltswahrscheinlichkeit-harmonisch.png		2026-05-20
09_Experiments-and-Practicals/Required-Practicals/Investigating-Stationary-Waves.md	added	Melde's experiment	_attachments/09_Experiments-and-Practicals/Investigating-Stationary-Waves--wiki-melde-experiment-graphic.png,_attachments/09_Experiments-and-Practicals/Investigating-Stationary-Waves--wiki-james-clerk-maxwell-1.jpg,_attachments/09_Experiments-and-Practicals/Investigating-Stationary-Waves--wiki-standing-wave.gif		2026-05-20
09_Experiments-and-Practicals/Required-Practicals/Measuring-Acceleration-Due-to-Gravity.md	added	Gravity of Earth	_attachments/09_Experiments-and-Practicals/Measuring-Acceleration-Due-to-Gravity--wiki-gravity-anomalies-on-earth.jpg,_attachments/09_Experiments-and-Practicals/Measuring-Acceleration-Due-to-Gravity--wiki-earth-g-force.png,_attachments/09_Experiments-and-Practicals/Measuring-Acceleration-Due-to-Gravity--wiki-earthgravityprem.svg		2026-05-20
09_Experiments-and-Practicals/Required-Practicals/Measuring-Specific-Heat-Capacity.md	added	Specific heat capacity	_attachments/09_Experiments-and-Practicals/Measuring-Specific-Heat-Capacity--wiki-carnot-heat-engine-2.svg,_attachments/09_Experiments-and-Practicals/Measuring-Specific-Heat-Capacity--wiki-black-joseph-cropped.jpg,_attachments/09_Experiments-and-Practicals/Measuring-Specific-Heat-Capacity--wiki-carnot-heat-engine-2.svg		2026-05-20
09_Experiments-and-Practicals/Required-Practicals/Measuring-Young-Modulus.md	added	Young's modulus	_attachments/09_Experiments-and-Practicals/Measuring-Young-Modulus--wiki-stress-strain-ductile.svg,_attachments/09_Experiments-and-Practicals/Measuring-Young-Modulus--wiki-spidergraph-youngmod.gif,_attachments/09_Experiments-and-Practicals/Measuring-Young-Modulus--wiki-stress-strain-ductile.svg		2026-05-20
09_Experiments-and-Practicals/Required-Practicals/Measuring-the-Planck-Constant.md	added	Planck constant	_attachments/09_Experiments-and-Practicals/Measuring-the-Planck-Constant--wiki-black-body.svg,_attachments/09_Experiments-and-Practicals/Measuring-the-Planck-Constant--wiki-bohr-atom-model.svg,_attachments/09_Experiments-and-Practicals/Measuring-the-Planck-Constant--wiki-max-planck-wirkungsquantums-20050815.jpg		2026-05-20
09_Experiments-and-Practicals/Required-Practicals/Modelling-Radioactive-Decay.md	added	Decay chain	_attachments/09_Experiments-and-Practicals/Modelling-Radioactive-Decay--wiki-nuclearreaction.svg,_attachments/09_Experiments-and-Practicals/Modelling-Radioactive-Decay--wiki-decaychain241pu-eng.svg,_attachments/09_Experiments-and-Practicals/Modelling-Radioactive-Decay--wiki-decay-chain4n1-neptunium-series.svg		2026-05-20
10_Applications/Banked-Tracks-and-Centrifuges.md	added	Centrifuge	_attachments/10_Applications/Banked-Tracks-and-Centrifuges--wiki-tabletop-centrifuge.jpg,_attachments/10_Applications/Banked-Tracks-and-Centrifuges--wiki-19thcentrifuge.jpg,_attachments/10_Applications/Banked-Tracks-and-Centrifuges--wiki-20g-centrifuge.jpg		2026-05-20
10_Applications/Bridge-and-Beam-Loading.md	added	Beam (structure)	_attachments/10_Applications/Bridge-and-Beam-Loading--wiki-ahmaskoski-road-bridge.jpg,_attachments/10_Applications/Bridge-and-Beam-Loading--wiki-beamdiagram.svg,_attachments/10_Applications/Bridge-and-Beam-Loading--wiki-parallam-support-beam.jpg		2026-05-20
10_Applications/CT-Scanning.md	added	CT scan	_attachments/10_Applications/CT-Scanning--wiki-drawing-of-ct-fan-beam-left-and-patient-.gif,_attachments/10_Applications/CT-Scanning--wiki-12-06-11-rechtsmedizin-berlin-07.jpg,_attachments/10_Applications/CT-Scanning--wiki-axial-plane-ct-scan-of-the-thorax-illust.jpg		2026-05-20
10_Applications/Capacitor-Timing-Circuits.md	added	Capacitor	_attachments/10_Applications/Capacitor-Timing-Circuits--wiki-capacitors-7189597135.jpg,_attachments/10_Applications/Capacitor-Timing-Circuits--wiki-24-million-watt-high-speed-flash-through.jpg,_attachments/10_Applications/Capacitor-Timing-Circuits--wiki-axial-electrolytic-capacitors.jpg		2026-05-20
10_Applications/Car-Safety.md	added	Automotive safety	_attachments/10_Applications/Car-Safety--wiki-iihs-crash-test-dummy-in-hyundai-tucson.jpg,_attachments/10_Applications/Car-Safety--wiki-1994-motor-vehicle-traffic-deaths-in-roa.svg,_attachments/10_Applications/Car-Safety--wiki-ferrari-f430-dash-at-2006-chicago-auto-s.jpg		2026-05-20
10_Applications/Carbon-Dating.md	added	Radiocarbon dating	_attachments/10_Applications/Carbon-Dating--wiki-the-temple-scroll-11q20-google-art-proje.jpg,_attachments/10_Applications/Carbon-Dating--wiki-1-mv-accelerator-mass-spectrometer.jpg,_attachments/10_Applications/Carbon-Dating--wiki-accelerator-mass-spectrometer-schematic-.svg		2026-05-20
10_Applications/Data-Logging.md	added	Data logger	_attachments/10_Applications/Data-Logging--wiki-datalogger.jpg,_attachments/10_Applications/Data-Logging--wiki-data-logger-application-for-weather-stat.jpg		2026-05-20
10_Applications/Levers.md	added	Lever	_attachments/10_Applications/Levers--wiki-palanca-ejemplo.jpg,_attachments/10_Applications/Levers--wiki-archimedes-lever-small.jpg,_attachments/10_Applications/Levers--wiki-lever-psf.png		2026-05-20
10_Applications/Logic-Gates.md	added	Logic gate	_attachments/10_Applications/Logic-Gates--wiki-four-bit-adder-with-carry-lookahead.svg,_attachments/10_Applications/Logic-Gates--wiki-cmos-inverter.svg,_attachments/10_Applications/Logic-Gates--wiki-four-bit-adder-with-carry-lookahead.svg		2026-05-20
10_Applications/Medical-Imaging.md	added	Medical imaging	_attachments/10_Applications/Medical-Imaging--wiki-ct-scan-general-illustration.jpg,_attachments/10_Applications/Medical-Imaging--wiki-a-nuclear-medicine-machine-is-used-for-m.jpg,_attachments/10_Applications/Medical-Imaging--wiki-a-nuclear-medicine-machine-is-used-for-m.jpg		2026-05-20
10_Applications/Numerical-Modelling.md	added	Numerical weather prediction	_attachments/10_Applications/Numerical-Modelling--wiki-atmosphericmodelschematic.png,_attachments/10_Applications/Numerical-Modelling--wiki-gfs-850-mb.png,_attachments/10_Applications/Numerical-Modelling--wiki-goldenmedows.jpg		2026-05-20
10_Applications/Optical-Fibres.md	added	Optical fiber	_attachments/10_Applications/Optical-Fibres--wiki-fibreoptic.jpg,_attachments/10_Applications/Optical-Fibres--wiki-angular-dependence-of-rayleigh-scatterin.jpg,_attachments/10_Applications/Optical-Fibres--wiki-dshaped1.png		2026-05-20
10_Applications/PET-Scanning.md	added	Positron emission tomography	_attachments/10_Applications/PET-Scanning--wiki-positron-emission-tomography.png,_attachments/10_Applications/PET-Scanning--wiki-ecat-exact-hr-pet-scanner.jpg,_attachments/10_Applications/PET-Scanning--wiki-pet-mips-anim.gif		2026-05-20
10_Applications/Particle-Accelerators.md	added	Particle accelerator	_attachments/10_Applications/Particle-Accelerators--wiki-fermilab.jpg,_attachments/10_Applications/Particle-Accelerators--wiki-2mv-accelerator-mjc01.jpg,_attachments/10_Applications/Particle-Accelerators--wiki-berkeley-60-inch-cyclotron.jpg		2026-05-20
10_Applications/Potential-Divider-Sensors.md	added	Voltage divider	_attachments/10_Applications/Potential-Divider-Sensors--wiki-highvoltagedividerprobe.jpg		2026-05-20
10_Applications/Projectile-Motion.md	added	Projectile motion	_attachments/10_Applications/Projectile-Motion--wiki-parabolicwatertrajectory.jpg,_attachments/10_Applications/Projectile-Motion--wiki-ballistic-trajectories-planet2.svg,_attachments/10_Applications/Projectile-Motion--wiki-ballistic-trajectories.svg		2026-05-20
10_Applications/Satellites-and-Geostationary-Orbits.md	added	Geostationary orbit	_attachments/10_Applications/Satellites-and-Geostationary-Orbits--wiki-geostationaryjava3d.gif,_attachments/10_Applications/Satellites-and-Geostationary-Orbits--wiki-animation-of-echostar-xvii-trajectory.gif,_attachments/10_Applications/Satellites-and-Geostationary-Orbits--wiki-animation-of-echostar-xvii-trajectory-eq.gif		2026-05-20
10_Applications/Sensors.md	added	Sensor	_attachments/10_Applications/Sensors--wiki-light-sensor.png,_attachments/10_Applications/Sensors--wiki-infrared-transceiver-circuit.jpg,_attachments/10_Applications/Sensors--wiki-lidar-scanner-and-back-camera-of-ipad-pr.jpg		2026-05-20
10_Applications/Signal-Processing.md	added	Signal processing	_attachments/10_Applications/Signal-Processing--wiki-cosine-series-plus-noise.png,_attachments/10_Applications/Signal-Processing--wiki-cosine-series-plus-noise.png,_attachments/10_Applications/Signal-Processing--wiki-cosine-series-plus-noise-tfm.png		2026-05-20
10_Applications/Simulation.md	added	Simulation	_attachments/10_Applications/Simulation--wiki-3diteams-percuss-chest.jpg,_attachments/10_Applications/Simulation--wiki-car-racing-simulator-sbr-racing-construm.jpg,_attachments/10_Applications/Simulation--wiki-christer-fuglesang-underwater-eva-simula.jpg		2026-05-20
10_Applications/Stars-and-Cosmology.md	added	Astrophysics	_attachments/10_Applications/Stars-and-Cosmology--wiki-niedot362.jpg,_attachments/10_Applications/Stars-and-Cosmology--wiki-crab-nebula.jpg,_attachments/10_Applications/Stars-and-Cosmology--wiki-earth-moon.jpg		2026-05-20
10_Applications/Terminal-Velocity-in-Skydiving.md	added	Terminal Velocity (film)	_attachments/10_Applications/Terminal-Velocity-in-Skydiving--wiki-terminalvelocity.jpg		2026-05-20
10_Applications/The-DC-Motor.md	added	DC motor	_attachments/10_Applications/The-DC-Motor--wiki-electric-motor-cycle-2.png,_attachments/10_Applications/The-DC-Motor--wiki-ejs-open-source-direct-current-electrica.gif,_attachments/10_Applications/The-DC-Motor--wiki-electric-motor-cycle-2.png		2026-05-20
10_Applications/Transformers.md	added	Transformers	_attachments/10_Applications/Transformers--wiki-aviacionavion.png,_attachments/10_Applications/Transformers--wiki-blue-ipod-nano.jpg,_attachments/10_Applications/Transformers--wiki-caribou-from-wagon-trails.jpg		2026-05-20
10_Applications/Ultrasound-Imaging.md	added	Medical ultrasound	_attachments/10_Applications/Ultrasound-Imaging--wiki-sonographer-doing-pediatric-echocardiogr.jpg,_attachments/10_Applications/Ultrasound-Imaging--wiki-a-medical-ultrasound-linear-array-probe-.jpg,_attachments/10_Applications/Ultrasound-Imaging--wiki-a-modern-medical-ultrasound-scanner.jpg		2026-05-20
10_Applications/X-ray-Imaging.md	added	Radiography	_attachments/10_Applications/X-ray-Imaging--wiki-xraymachine.jpg,_attachments/10_Applications/X-ray-Imaging--wiki-ap-lumbar-xray.jpg,_attachments/10_Applications/X-ray-Imaging--wiki-cerebral-angiography-arteria-vertebralis.jpg		2026-05-20
11_Problems/Mistake-Patterns/Adding-Forces-as-Scalars.md	skip-type	-	-	type=mistake-pattern	2026-05-20
11_Problems/Mistake-Patterns/Confusing-Angular-and-Linear-Quantities.md	skip-type	-	-	type=mistake-pattern	2026-05-20
11_Problems/Mistake-Patterns/Confusing-Energy-and-Power.md	skip-type	-	-	type=mistake-pattern	2026-05-20
11_Problems/Mistake-Patterns/Confusing-Heat-and-Temperature.md	skip-type	-	-	type=mistake-pattern	2026-05-20
11_Problems/Mistake-Patterns/Confusing-Mass-and-Weight.md	skip-type	-	-	type=mistake-pattern	2026-05-20
11_Problems/Mistake-Patterns/Confusing-Photon-Energy-and-Intensity.md	skip-type	-	-	type=mistake-pattern	2026-05-20
11_Problems/Mistake-Patterns/Confusing-Wavelength-and-Amplitude.md	skip-type	-	-	type=mistake-pattern	2026-05-20
11_Problems/Mistake-Patterns/Forgetting-Resultant-Force.md	skip-type	-	-	type=mistake-pattern	2026-05-20
11_Problems/Mistake-Patterns/Forgetting-Vector-Direction.md	skip-type	-	-	type=mistake-pattern	2026-05-20
11_Problems/Mistake-Patterns/Ignoring-Units.md	skip-type	-	-	type=mistake-pattern	2026-05-20
11_Problems/Mistake-Patterns/Incorrect-Sign-Convention.md	skip-type	-	-	type=mistake-pattern	2026-05-20
11_Problems/Mistake-Patterns/Misreading-Graph-Gradient.md	skip-type	-	-	type=mistake-pattern	2026-05-20
11_Problems/Mistake-Patterns/Mixing-Speed-and-Velocity.md	skip-type	-	-	type=mistake-pattern	2026-05-20
11_Problems/Mistake-Patterns/Mixing-Up-EMF-and-Terminal-PD.md	skip-type	-	-	type=mistake-pattern	2026-05-20
11_Problems/Mistake-Patterns/Mixing-Up-Series-and-Parallel-Circuits.md	skip-type	-	-	type=mistake-pattern	2026-05-20
11_Problems/Mistake-Patterns/Treating-Centripetal-Force-as-an-Extra-Force.md	skip-type	-	-	type=mistake-pattern	2026-05-20
11_Problems/Mistake-Patterns/Treating-Scalars-as-Vectors.md	skip-type	-	-	type=mistake-pattern	2026-05-20
11_Problems/Mistake-Patterns/Using-Distance-Instead-of-Displacement.md	skip-type	-	-	type=mistake-pattern	2026-05-20
11_Problems/Mistake-Patterns/Using-SUVAT-When-Acceleration-Is-Not-Constant.md	skip-type	-	-	type=mistake-pattern	2026-05-20
11_Problems/Problem-Types/Calculate-Resultant-Force.md	skip-type	-	-	type=problem-type	2026-05-20
11_Problems/Problem-Types/Capacitor-Discharge-Problem.md	skip-type	-	-	type=problem-type	2026-05-20
11_Problems/Problem-Types/Circular-Motion-Problem.md	skip-type	-	-	type=problem-type	2026-05-20
11_Problems/Problem-Types/Conservation-of-Momentum-Collision.md	skip-type	-	-	type=problem-type	2026-05-20
11_Problems/Problem-Types/Energy-Conservation-Problem.md	skip-type	-	-	type=problem-type	2026-05-20
11_Problems/Problem-Types/Find-Internal-Resistance-from-a-Graph.md	skip-type	-	-	type=problem-type	2026-05-20
11_Problems/Problem-Types/Gravitational-Field-Problem.md	skip-type	-	-	type=problem-type	2026-05-20
11_Problems/Problem-Types/Interpret-a-Velocity-Time-Graph.md	skip-type	-	-	type=problem-type	2026-05-20
11_Problems/Problem-Types/Photoelectric-Effect-Calculation.md	skip-type	-	-	type=problem-type	2026-05-20
11_Problems/Problem-Types/Potential-Divider-Calculation.md	skip-type	-	-	type=problem-type	2026-05-20
11_Problems/Problem-Types/Projectile-Motion-Problem.md	skip-type	-	-	type=problem-type	2026-05-20
11_Problems/Problem-Types/Radioactive-Decay-Problem.md	skip-type	-	-	type=problem-type	2026-05-20
11_Problems/Problem-Types/SUVAT-Kinematics-Problem.md	skip-type	-	-	type=problem-type	2026-05-20
11_Problems/Problem-Types/Series-Parallel-Circuit-Analysis.md	skip-type	-	-	type=problem-type	2026-05-20
11_Problems/Problem-Types/Simple-Harmonic-Motion-Problem.md	skip-type	-	-	type=problem-type	2026-05-20
11_Problems/Problem-Types/Standing-Wave-Problem.md	skip-type	-	-	type=problem-type	2026-05-20
11_Problems/Worked-Examples/Worked-Binding-Energy-per-Nucleon.md	skip-type	-	-	type=worked-example	2026-05-20
11_Problems/Worked-Examples/Worked-Capacitor-Discharge-RC.md	skip-type	-	-	type=worked-example	2026-05-20
11_Problems/Worked-Examples/Worked-Circular-Motion-Conical-Pendulum.md	skip-type	-	-	type=worked-example	2026-05-20
11_Problems/Worked-Examples/Worked-Momentum-Collision.md	skip-type	-	-	type=worked-example	2026-05-20
11_Problems/Worked-Examples/Worked-Photoelectric-Stopping-Potential.md	skip-type	-	-	type=worked-example	2026-05-20
11_Problems/Worked-Examples/Worked-Potential-Divider-Thermistor.md	skip-type	-	-	type=worked-example	2026-05-20
11_Problems/Worked-Examples/Worked-SHM-Mass-Spring.md	skip-type	-	-	type=worked-example	2026-05-20
11_Problems/Worked-Examples/Worked-SUVAT-Cliff-Projectile.md	skip-type	-	-	type=worked-example	2026-05-20
02_Foundations/Everyday-Physics/Why-Seatbelts-Matter.md	added-postpass	Seat belt	_attachments/02_Foundations/Why-Seatbelts-Matter--wiki-female-driver-buckling-seatbelt.jpg,_attachments/02_Foundations/Why-Seatbelts-Matter--wiki-1990-honda-civic-dx-interior.jpg,_attachments/02_Foundations/Why-Seatbelts-Matter--wiki-aircraft-safety-belt.png	override	2026-05-20
02_Foundations/Everyday-Physics/Why-Objects-Keep-Moving-in-Space.md	added-postpass	Newton's laws of motion	_attachments/02_Foundations/Why-Objects-Keep-Moving-in-Space--wiki-animated-mass-spring.gif,_attachments/02_Foundations/Why-Objects-Keep-Moving-in-Space--wiki-bouncing-ball-strobe-edit.jpg,_attachments/02_Foundations/Why-Objects-Keep-Moving-in-Space--wiki-breaking-string.png	override	2026-05-20
02_Foundations/Everyday-Physics/Why-Metal-Feels-Colder-Than-Wood.md	added-postpass	Heat transfer	_attachments/02_Foundations/Why-Metal-Feels-Colder-Than-Wood--wiki-convection-snapshot.png,_attachments/02_Foundations/Why-Metal-Feels-Colder-Than-Wood--wiki-air-cooler.jpg,_attachments/02_Foundations/Why-Metal-Feels-Colder-Than-Wood--wiki-appareil-ingenhousz.jpg	override	2026-05-20
02_Foundations/Everyday-Physics/Why-Sound-Needs-a-Medium.md	added-postpass	Sound	_attachments/02_Foundations/Why-Sound-Needs-a-Medium--wiki-thoth08bigasdrumevanschalmette.jpg,_attachments/02_Foundations/Why-Sound-Needs-a-Medium--wiki-duration-perception.png,_attachments/02_Foundations/Why-Sound-Needs-a-Medium--wiki-fa-18-hornet-breaking-sound-barrier-7-ju.jpg	override	2026-05-20
02_Foundations/Everyday-Physics/Why-Ice-Floats.md	added-postpass	Properties of water	_attachments/02_Foundations/Why-Ice-Floats--wiki-h2o-2d-labelled.svg,_attachments/02_Foundations/Why-Ice-Floats--wiki-3d-model-hydrogen-bonds-in-water.svg,_attachments/02_Foundations/Why-Ice-Floats--wiki-annual-mean-sea-surface-sea-water-densit.png	override	2026-05-20
02_Foundations/Everyday-Physics/Why-Sky-Is-Blue.md	added-postpass	Rayleigh scattering	_attachments/02_Foundations/Why-Sky-Is-Blue--wiki-arctic-sunset.jpg,_attachments/02_Foundations/Why-Sky-Is-Blue--wiki-arctic-sunset.jpg,_attachments/02_Foundations/Why-Sky-Is-Blue--wiki-circularpolarizer.jpg	override	2026-05-20
04_Concepts/Atomic-Structure.md	added-postpass	Atom	_attachments/04_Concepts/Atomic-Structure--wiki-helium-atom-qm.svg,_attachments/04_Concepts/Atomic-Structure--wiki-atomic-orbital-clouds-spdf-m0.png,_attachments/04_Concepts/Atomic-Structure--wiki-atomic-orbital-energy-levels.svg	override	2026-05-20
04_Concepts/Superposition.md	added-postpass	Superposition principle	_attachments/04_Concepts/Superposition--wiki-anas-platyrhynchos-with-ducklings-reflec.jpg,_attachments/04_Concepts/Superposition--wiki-anas-platyrhynchos-with-ducklings-reflec.jpg,_attachments/04_Concepts/Superposition--wiki-rolling-animation.gif	override	2026-05-20
04_Concepts/Vectors-and-Scalars.md	added-postpass	Euclidean vector	_attachments/04_Concepts/Vectors-and-Scalars--wiki-vector-from-a-to-b.svg,_attachments/04_Concepts/Vectors-and-Scalars--wiki-3d-vector.svg,_attachments/04_Concepts/Vectors-and-Scalars--wiki-cross-product-vector.svg	override	2026-05-20
08_Representations/Force-Extension-Graph.md	added-postpass	Hooke's law	_attachments/08_Representations/Force-Extension-Graph--wiki-hookes-law-springs.png,_attachments/08_Representations/Force-Extension-Graph--wiki-balancier-avec-ressort-spiral.png,_attachments/08_Representations/Force-Extension-Graph--wiki-hookes-law-wikipedia.png	override	2026-05-20
06_Models/Wavefront-Model.md	added-postpass	Wavefront	_attachments/06_Models/Wavefront-Model--wiki-plane-wave-wavefronts-3d.svg,_attachments/06_Models/Wavefront-Model--wiki-hamiltonian-optics-rays-and-wavefronts.svg,_attachments/06_Models/Wavefront-Model--wiki-lens-and-wavefronts.gif	override	2026-05-20
04_Concepts/Breaking-Stress.md	added-postpass	Ultimate tensile strength	_attachments/04_Concepts/Breaking-Stress--wiki-tensile-testing-on-a-coir-composite.jpg,_attachments/04_Concepts/Breaking-Stress--wiki-al-tensile-test.jpg,_attachments/04_Concepts/Breaking-Stress--wiki-aluminiumzugprobe-01.jpg	override	2026-05-20
03_Physical-Quantities/Acoustic-Impedance.md	no-images-postpass	Acoustic impedance	-	override empty	2026-05-20
03_Physical-Quantities/Charge.md	added-postpass	Electric charge	_attachments/03_Physical-Quantities/Charge--wiki-bcoulomb.png,_attachments/03_Physical-Quantities/Charge--wiki-electric-field-point-lines-equipotential.svg,_attachments/03_Physical-Quantities/Charge--wiki-oiintlatex.svg	override	2026-05-20
03_Physical-Quantities/Magnetic-Flux-Linkage.md	added-postpass	Faraday's law of induction	_attachments/03_Physical-Quantities/Magnetic-Flux-Linkage--wiki-elementary-generator.svg,_attachments/03_Physical-Quantities/Magnetic-Flux-Linkage--wiki-alternator-1.svg,_attachments/03_Physical-Quantities/Magnetic-Flux-Linkage--wiki-electromagnetic-induction-solenoid-to-lo.gif	override	2026-05-20
03_Physical-Quantities/Wave-Speed.md	added-postpass	Phase velocity	_attachments/03_Physical-Quantities/Wave-Speed--wiki-wave-packet-propagation-phase-faster-tha.gif,_attachments/03_Physical-Quantities/Wave-Speed--wiki-wave-opposite-group-phase-velocity.gif,_attachments/03_Physical-Quantities/Wave-Speed--wiki-wave-packet-propagation-phase-faster-tha.gif	override	2026-05-20
04_Concepts/Binding-Energy.md	no-images-postpass	Nuclear binding energy	-	override empty	2026-05-20
04_Concepts/Critical-Angle.md	no-images-postpass	Total internal reflection	-	override empty	2026-05-20
04_Concepts/Elastic-Strain-Energy.md	no-images-postpass	Hooke's law	-	override empty	2026-05-20
04_Concepts/Internal-Resistance.md	added-postpass	Electromotive force	_attachments/04_Concepts/Internal-Resistance--wiki-galvanic-cell-labeled.svg,_attachments/04_Concepts/Internal-Resistance--wiki-reaction-path.jpg,_attachments/04_Concepts/Internal-Resistance--wiki-solar-cell-characterisitcs.jpg	override	2026-05-20
04_Concepts/Mass-Defect.md	added-postpass	Nuclear binding energy	_attachments/04_Concepts/Mass-Defect--wiki-nuclearreaction.svg,_attachments/04_Concepts/Mass-Defect--wiki-bethe-weizsacker.png,_attachments/04_Concepts/Mass-Defect--wiki-binding-energy-curve-of-common-isotopes.svg	override	2026-05-20
04_Concepts/Mean-Drift-Velocity.md	no-images-postpass	Drift velocity	-	override empty	2026-05-20
04_Concepts/Measurement-Uncertainty.md	added-postpass	Uncertainty	_attachments/04_Concepts/Measurement-Uncertainty--wiki-blank-fork.png,_attachments/04_Concepts/Measurement-Uncertainty--wiki-blank-fork.png,_attachments/04_Concepts/Measurement-Uncertainty--wiki-uncertainty.svg	override	2026-05-20
04_Concepts/Path-Difference.md	added-postpass	Wave interference	_attachments/04_Concepts/Path-Difference--wiki-interfering-surface-waves-on-a-lake.jpg,_attachments/04_Concepts/Path-Difference--wiki-dieselrainbow.jpg,_attachments/04_Concepts/Path-Difference--wiki-interference-colours-in-soap-film-1.jpg	override	2026-05-20
04_Concepts/The-Nuclear-Atom.md	added-postpass	Rutherford scattering experiments	_attachments/04_Concepts/The-Nuclear-Atom--wiki-alphatrackrutherfordscattering3.jpg,_attachments/04_Concepts/The-Nuclear-Atom--wiki-ernest-marsden-1921.jpg,_attachments/04_Concepts/The-Nuclear-Atom--wiki-ernest-rutherford2.jpg	override	2026-05-20
04_Concepts/Work-Function.md	added-postpass	Photoelectric effect	_attachments/04_Concepts/Work-Function--wiki-photoelectric-effect-in-a-solid-diagram.svg,_attachments/04_Concepts/Work-Function--wiki-arpes-setup-ultraviolet-source-sample-ho.svg,_attachments/04_Concepts/Work-Function--wiki-dominant-photon-matter-interaction.svg	override	2026-05-20
06_Models/Internal-Resistance-Model.md	added-postpass	Electromotive force	_attachments/06_Models/Internal-Resistance-Model--wiki-vfpt-solenoid-correct2.svg,_attachments/06_Models/Internal-Resistance-Model--wiki-galvanic-cell-labeled.svg,_attachments/06_Models/Internal-Resistance-Model--wiki-reaction-path.jpg	override	2026-05-20
06_Models/Ohmic-Conductor-Model.md	added-postpass	Ohm's law	_attachments/06_Models/Ohmic-Conductor-Model--wiki-electrona-in-crystallo-fluentia.svg,_attachments/06_Models/Ohmic-Conductor-Model--wiki-fourivcurves.svg,_attachments/06_Models/Ohmic-Conductor-Model--wiki-internal-resistance-model.svg	override	2026-05-20
08_Representations/Line-of-Best-Fit-Graph.md	added-postpass	Linear regression	_attachments/08_Representations/Line-of-Best-Fit-Graph--wiki-anscombes-quartet-3.svg,_attachments/08_Representations/Line-of-Best-Fit-Graph--wiki-galtons-correlation-diagram-1875.jpg,_attachments/08_Representations/Line-of-Best-Fit-Graph--wiki-linear-least-squares-example2.svg	override	2026-05-20
04_Concepts/The-Metre.md	added-postpass	Metre	_attachments/04_Concepts/The-Metre--wiki-metric-standards-rijksmuseum.jpg,_attachments/04_Concepts/The-Metre--wiki-metric-standards-rijksmuseum.jpg	override	2026-05-20
04_Concepts/The-Second.md	added-postpass	Second	_attachments/04_Concepts/The-Second--wiki-clock-pendulum.gif,_attachments/04_Concepts/The-Second--wiki-aleutian-islands-with-180th-meridian-and.png,_attachments/04_Concepts/The-Second--wiki-marine-sandglass-mmm.jpg	override	2026-05-20
04_Concepts/The-Ampere.md	added-postpass	Ampere	_attachments/04_Concepts/The-Ampere--wiki-amperemeter-hg.jpg,_attachments/04_Concepts/The-Ampere--wiki-amperemeter-hg.jpg	override	2026-05-20
04_Concepts/The-Kelvin.md	added-postpass	Kelvin	_attachments/04_Concepts/The-Kelvin--wiki-temperature-scales-comparison.svg,_attachments/04_Concepts/The-Kelvin--wiki-baron-kelvin-1906.jpg,_attachments/04_Concepts/The-Kelvin--wiki-celsiuskelvinthermometer.jpg	override	2026-05-20
04_Concepts/The-Kilogram.md	added-postpass	Kilogram	_attachments/04_Concepts/The-Kilogram--wiki-poids-fonte-5-kg-a-2-hg-02.jpg,_attachments/04_Concepts/The-Kilogram--wiki-international-prototype-of-the-kilogram-.jpg,_attachments/04_Concepts/The-Kilogram--wiki-poids-fonte-5-kg-a-2-hg-02.jpg	override	2026-05-20
